[
  {
    "key": "label_intent",
    "components": [
      {
        "key": "mask",
        "number_of_dimensions": 3,
        "features": [
          {
            "type": "group",
            "subcomponents": [
              {
                "type": "group",
                "subcomponents": [
                  {
                    "type": "list",
                    "key": "component_label_intent_mask_0_0_0_list"
                  }
                ]
              },
              {
                "type": "group",
                "subcomponents": [
                  {
                    "type": "list",
                    "key": "component_label_intent_mask_0_1_0_list"
                  }
                ]
              },
              {
                "type": "group",
                "subcomponents": [
                  {
                    "type": "list",
                    "key": "component_label_intent_mask_0_2_0_list"
                  }
                ]
              },
              {
                "type": "group",
                "subcomponents": [
                  {
                    "type": "list",
                    "key": "component_label_intent_mask_0_3_0_list"
                  }
                ]
              },
              {
                "type": "group",
                "subcomponents": [
                  {
                    "type": "list",
                    "key": "component_label_intent_mask_0_4_0_list"
                  }
                ]
              },
              {
                "type": "group",
                "subcomponents": [
                  {
                    "type": "list",
                    "key": "component_label_intent_mask_0_5_0_list"
                  }
                ]
              },
              {
                "type": "group",
                "subcomponents": [
                  {
                    "type": "list",
                    "key": "component_label_intent_mask_0_6_0_list"
                  }
                ]
              },
              {
                "type": "group",
                "subcomponents": [
                  {
                    "type": "list",
                    "key": "component_label_intent_mask_0_7_0_list"
                  }
                ]
              },
              {
                "type": "group",
                "subcomponents": [
                  {
                    "type": "list",
                    "key": "component_label_intent_mask_0_8_0_list"
                  }
                ]
              },
              {
                "type": "group",
                "subcomponents": [
                  {
                    "type": "list",
                    "key": "component_label_intent_mask_0_9_0_list"
                  }
                ]
              },
              {
                "type": "group",
                "subcomponents": [
                  {
                    "type": "list",
                    "key": "component_label_intent_mask_0_10_0_list"
                  }
                ]
              },
              {
                "type": "group",
                "subcomponents": [
                  {
                    "type": "list",
                    "key": "component_label_intent_mask_0_11_0_list"
                  }
                ]
              },
              {
                "type": "group",
                "subcomponents": [
                  {
                    "type": "list",
                    "key": "component_label_intent_mask_0_12_0_list"
                  }
                ]
              },
              {
                "type": "group",
                "subcomponents": [
                  {
                    "type": "list",
                    "key": "component_label_intent_mask_0_13_0_list"
                  }
                ]
              },
              {
                "type": "group",
                "subcomponents": [
                  {
                    "type": "list",
                    "key": "component_label_intent_mask_0_14_0_list"
                  }
                ]
              },
              {
                "type": "group",
                "subcomponents": [
                  {
                    "type": "list",
                    "key": "component_label_intent_mask_0_15_0_list"
                  }
                ]
              },
              {
                "type": "group",
                "subcomponents": [
                  {
                    "type": "list",
                    "key": "component_label_intent_mask_0_16_0_list"
                  }
                ]
              },
              {
                "type": "group",
                "subcomponents": [
                  {
                    "type": "list",
                    "key": "component_label_intent_mask_0_17_0_list"
                  }
                ]
              },
              {
                "type": "group",
                "subcomponents": [
                  {
                    "type": "list",
                    "key": "component_label_intent_mask_0_18_0_list"
                  }
                ]
              },
              {
                "type": "group",
                "subcomponents": [
                  {
                    "type": "list",
                    "key": "component_label_intent_mask_0_19_0_list"
                  }
                ]
              },
              {
                "type": "group",
                "subcomponents": [
                  {
                    "type": "list",
                    "key": "component_label_intent_mask_0_20_0_list"
                  }
                ]
              },
              {
                "type": "group",
                "subcomponents": [
                  {
                    "type": "list",
                    "key": "component_label_intent_mask_0_21_0_list"
                  }
                ]
              },
              {
                "type": "group",
                "subcomponents": [
                  {
                    "type": "list",
                    "key": "component_label_intent_mask_0_22_0_list"
                  }
                ]
              },
              {
                "type": "group",
                "subcomponents": [
                  {
                    "type": "list",
                    "key": "component_label_intent_mask_0_23_0_list"
                  }
                ]
              },
              {
                "type": "group",
                "subcomponents": [
                  {
                    "type": "list",
                    "key": "component_label_intent_mask_0_24_0_list"
                  }
                ]
              },
              {
                "type": "group",
                "subcomponents": [
                  {
                    "type": "list",
                    "key": "component_label_intent_mask_0_25_0_list"
                  }
                ]
              },
              {
                "type": "group",
                "subcomponents": [
                  {
                    "type": "list",
                    "key": "component_label_intent_mask_0_26_0_list"
                  }
                ]
              }
            ]
          }
        ]
      },
      {
        "key": "sentence",
        "number_of_dimensions": 4,
        "features": [
          {
            "type": "group",
            "subcomponents": [
              {
                "type": "group",
                "subcomponents": [
                  {
                    "type": "group",
                    "subcomponents": [
                      {
                        "type": "list",
                        "key": "component_label_intent_sentence_0_0_0_0_list"
                      }
                    ]
                  }
                ]
              },
              {
                "type": "group",
                "subcomponents": [
                  {
                    "type": "group",
                    "subcomponents": [
                      {
                        "type": "list",
                        "key": "component_label_intent_sentence_0_1_0_0_list"
                      }
                    ]
                  }
                ]
              },
              {
                "type": "group",
                "subcomponents": [
                  {
                    "type": "group",
                    "subcomponents": [
                      {
                        "type": "list",
                        "key": "component_label_intent_sentence_0_2_0_0_list"
                      }
                    ]
                  }
                ]
              },
              {
                "type": "group",
                "subcomponents": [
                  {
                    "type": "group",
                    "subcomponents": [
                      {
                        "type": "list",
                        "key": "component_label_intent_sentence_0_3_0_0_list"
                      }
                    ]
                  }
                ]
              },
              {
                "type": "group",
                "subcomponents": [
                  {
                    "type": "group",
                    "subcomponents": [
                      {
                        "type": "list",
                        "key": "component_label_intent_sentence_0_4_0_0_list"
                      }
                    ]
                  }
                ]
              },
              {
                "type": "group",
                "subcomponents": [
                  {
                    "type": "group",
                    "subcomponents": [
                      {
                        "type": "list",
                        "key": "component_label_intent_sentence_0_5_0_0_list"
                      }
                    ]
                  }
                ]
              },
              {
                "type": "group",
                "subcomponents": [
                  {
                    "type": "group",
                    "subcomponents": [
                      {
                        "type": "list",
                        "key": "component_label_intent_sentence_0_6_0_0_list"
                      }
                    ]
                  }
                ]
              },
              {
                "type": "group",
                "subcomponents": [
                  {
                    "type": "group",
                    "subcomponents": [
                      {
                        "type": "list",
                        "key": "component_label_intent_sentence_0_7_0_0_list"
                      }
                    ]
                  }
                ]
              },
              {
                "type": "group",
                "subcomponents": [
                  {
                    "type": "group",
                    "subcomponents": [
                      {
                        "type": "list",
                        "key": "component_label_intent_sentence_0_8_0_0_list"
                      }
                    ]
                  }
                ]
              },
              {
                "type": "group",
                "subcomponents": [
                  {
                    "type": "group",
                    "subcomponents": [
                      {
                        "type": "list",
                        "key": "component_label_intent_sentence_0_9_0_0_list"
                      }
                    ]
                  }
                ]
              },
              {
                "type": "group",
                "subcomponents": [
                  {
                    "type": "group",
                    "subcomponents": [
                      {
                        "type": "list",
                        "key": "component_label_intent_sentence_0_10_0_0_list"
                      }
                    ]
                  }
                ]
              },
              {
                "type": "group",
                "subcomponents": [
                  {
                    "type": "group",
                    "subcomponents": [
                      {
                        "type": "list",
                        "key": "component_label_intent_sentence_0_11_0_0_list"
                      }
                    ]
                  }
                ]
              },
              {
                "type": "group",
                "subcomponents": [
                  {
                    "type": "group",
                    "subcomponents": [
                      {
                        "type": "list",
                        "key": "component_label_intent_sentence_0_12_0_0_list"
                      }
                    ]
                  }
                ]
              },
              {
                "type": "group",
                "subcomponents": [
                  {
                    "type": "group",
                    "subcomponents": [
                      {
                        "type": "list",
                        "key": "component_label_intent_sentence_0_13_0_0_list"
                      }
                    ]
                  }
                ]
              },
              {
                "type": "group",
                "subcomponents": [
                  {
                    "type": "group",
                    "subcomponents": [
                      {
                        "type": "list",
                        "key": "component_label_intent_sentence_0_14_0_0_list"
                      }
                    ]
                  }
                ]
              },
              {
                "type": "group",
                "subcomponents": [
                  {
                    "type": "group",
                    "subcomponents": [
                      {
                        "type": "list",
                        "key": "component_label_intent_sentence_0_15_0_0_list"
                      }
                    ]
                  }
                ]
              },
              {
                "type": "group",
                "subcomponents": [
                  {
                    "type": "group",
                    "subcomponents": [
                      {
                        "type": "list",
                        "key": "component_label_intent_sentence_0_16_0_0_list"
                      }
                    ]
                  }
                ]
              },
              {
                "type": "group",
                "subcomponents": [
                  {
                    "type": "group",
                    "subcomponents": [
                      {
                        "type": "list",
                        "key": "component_label_intent_sentence_0_17_0_0_list"
                      }
                    ]
                  }
                ]
              },
              {
                "type": "group",
                "subcomponents": [
                  {
                    "type": "group",
                    "subcomponents": [
                      {
                        "type": "list",
                        "key": "component_label_intent_sentence_0_18_0_0_list"
                      }
                    ]
                  }
                ]
              },
              {
                "type": "group",
                "subcomponents": [
                  {
                    "type": "group",
                    "subcomponents": [
                      {
                        "type": "list",
                        "key": "component_label_intent_sentence_0_19_0_0_list"
                      }
                    ]
                  }
                ]
              },
              {
                "type": "group",
                "subcomponents": [
                  {
                    "type": "group",
                    "subcomponents": [
                      {
                        "type": "list",
                        "key": "component_label_intent_sentence_0_20_0_0_list"
                      }
                    ]
                  }
                ]
              },
              {
                "type": "group",
                "subcomponents": [
                  {
                    "type": "group",
                    "subcomponents": [
                      {
                        "type": "list",
                        "key": "component_label_intent_sentence_0_21_0_0_list"
                      }
                    ]
                  }
                ]
              },
              {
                "type": "group",
                "subcomponents": [
                  {
                    "type": "group",
                    "subcomponents": [
                      {
                        "type": "list",
                        "key": "component_label_intent_sentence_0_22_0_0_list"
                      }
                    ]
                  }
                ]
              },
              {
                "type": "group",
                "subcomponents": [
                  {
                    "type": "group",
                    "subcomponents": [
                      {
                        "type": "list",
                        "key": "component_label_intent_sentence_0_23_0_0_list"
                      }
                    ]
                  }
                ]
              },
              {
                "type": "group",
                "subcomponents": [
                  {
                    "type": "group",
                    "subcomponents": [
                      {
                        "type": "list",
                        "key": "component_label_intent_sentence_0_24_0_0_list"
                      }
                    ]
                  }
                ]
              },
              {
                "type": "group",
                "subcomponents": [
                  {
                    "type": "group",
                    "subcomponents": [
                      {
                        "type": "list",
                        "key": "component_label_intent_sentence_0_25_0_0_list"
                      }
                    ]
                  }
                ]
              },
              {
                "type": "group",
                "subcomponents": [
                  {
                    "type": "group",
                    "subcomponents": [
                      {
                        "type": "list",
                        "key": "component_label_intent_sentence_0_26_0_0_list"
                      }
                    ]
                  }
                ]
              }
            ]
          }
        ]
      }
    ]
  },
  {
    "key": "label",
    "components": [
      {
        "key": "ids",
        "number_of_dimensions": 2,
        "features": [
          {
            "type": "group",
            "subcomponents": [
              {
                "type": "list",
                "key": "component_label_ids_0_0_list"
              },
              {
                "type": "list",
                "key": "component_label_ids_0_1_list"
              },
              {
                "type": "list",
                "key": "component_label_ids_0_2_list"
              },
              {
                "type": "list",
                "key": "component_label_ids_0_3_list"
              },
              {
                "type": "list",
                "key": "component_label_ids_0_4_list"
              },
              {
                "type": "list",
                "key": "component_label_ids_0_5_list"
              },
              {
                "type": "list",
                "key": "component_label_ids_0_6_list"
              },
              {
                "type": "list",
                "key": "component_label_ids_0_7_list"
              },
              {
                "type": "list",
                "key": "component_label_ids_0_8_list"
              },
              {
                "type": "list",
                "key": "component_label_ids_0_9_list"
              },
              {
                "type": "list",
                "key": "component_label_ids_0_10_list"
              },
              {
                "type": "list",
                "key": "component_label_ids_0_11_list"
              },
              {
                "type": "list",
                "key": "component_label_ids_0_12_list"
              },
              {
                "type": "list",
                "key": "component_label_ids_0_13_list"
              },
              {
                "type": "list",
                "key": "component_label_ids_0_14_list"
              },
              {
                "type": "list",
                "key": "component_label_ids_0_15_list"
              },
              {
                "type": "list",
                "key": "component_label_ids_0_16_list"
              },
              {
                "type": "list",
                "key": "component_label_ids_0_17_list"
              },
              {
                "type": "list",
                "key": "component_label_ids_0_18_list"
              },
              {
                "type": "list",
                "key": "component_label_ids_0_19_list"
              },
              {
                "type": "list",
                "key": "component_label_ids_0_20_list"
              },
              {
                "type": "list",
                "key": "component_label_ids_0_21_list"
              },
              {
                "type": "list",
                "key": "component_label_ids_0_22_list"
              },
              {
                "type": "list",
                "key": "component_label_ids_0_23_list"
              },
              {
                "type": "list",
                "key": "component_label_ids_0_24_list"
              },
              {
                "type": "list",
                "key": "component_label_ids_0_25_list"
              },
              {
                "type": "list",
                "key": "component_label_ids_0_26_list"
              }
            ]
          }
        ]
      }
    ]
  }
]