[
  {
    "key": "action_name",
    "components": [
      {
        "key": "mask",
        "number_of_dimensions": 3,
        "features": [
          {
            "type": "group",
            "subcomponents": [
              {
                "type": "dense",
                "key": "component_action_name_mask_0_0_array",
                "shape": [
                  1,
                  1
                ]
              }
            ]
          }
        ]
      },
      {
        "key": "sentence",
        "number_of_dimensions": 4,
        "features": [
          {
            "type": "group",
            "subcomponents": [
              {
                "type": "group",
                "subcomponents": [
                  {
                    "type": "sparse",
                    "key": "component_action_name_sentence_0_0_0",
                    "shape": [
                      0,
                      34
                    ]
                  }
                ]
              }
            ]
          }
        ]
      }
    ]
  },
  {
    "key": "dialogue",
    "components": [
      {
        "key": "length",
        "number_of_dimensions": 1,
        "features": [
          {
            "type": "list",
            "key": "component_dialogue_length_0_list"
          }
        ]
      }
    ]
  },
  {
    "key": "intent",
    "components": [
      {
        "key": "mask",
        "number_of_dimensions": 3,
        "features": [
          {
            "type": "group",
            "subcomponents": [
              {
                "type": "dense",
                "key": "component_intent_mask_0_0_array",
                "shape": [
                  1,
                  1
                ]
              }
            ]
          }
        ]
      },
      {
        "key": "sentence",
        "number_of_dimensions": 4,
        "features": [
          {
            "type": "group",
            "subcomponents": [
              {
                "type": "group",
                "subcomponents": [
                  {
                    "type": "sparse",
                    "key": "component_intent_sentence_0_0_0",
                    "shape": [
                      0,
                      27
                    ]
                  }
                ]
              }
            ]
          }
        ]
      }
    ]
  },
  {
    "key": "label",
    "components": [
      {
        "key": "ids",
        "number_of_dimensions": 3,
        "features": [
          {
            "type": "group",
            "subcomponents": [
              {
                "type": "group",
                "subcomponents": [
                  {
                    "type": "list",
                    "key": "component_label_ids_0_0_0_list"
                  },
                  {
                    "type": "list",
                    "key": "component_label_ids_0_0_1_list"
                  },
                  {
                    "type": "list",
                    "key": "component_label_ids_0_0_2_list"
                  },
                  {
                    "type": "list",
                    "key": "component_label_ids_0_0_3_list"
                  },
                  {
                    "type": "list",
                    "key": "component_label_ids_0_0_4_list"
                  },
                  {
                    "type": "list",
                    "key": "component_label_ids_0_0_5_list"
                  },
                  {
                    "type": "list",
                    "key": "component_label_ids_0_0_6_list"
                  },
                  {
                    "type": "list",
                    "key": "component_label_ids_0_0_7_list"
                  },
                  {
                    "type": "list",
                    "key": "component_label_ids_0_0_8_list"
                  },
                  {
                    "type": "list",
                    "key": "component_label_ids_0_0_9_list"
                  },
                  {
                    "type": "list",
                    "key": "component_label_ids_0_0_10_list"
                  }
                ]
              }
            ]
          }
        ]
      }
    ]
  }
]