{
  "text": {
    " ": 0,
    "x": 1067,
    "i": 594,
    "n": 742,
    " x": 260,
    "xi": 1068,
    "in": 606,
    "n ": 743,
    " xi": 261,
    "xin": 1069,
    "in ": 607,
    " xin": 262,
    "xin ": 1070,
    "c": 364,
    "h": 502,
    "à": 1089,
    "o": 802,
    " c": 23,
    "ch": 368,
    "hà": 539,
    "ào": 1098,
    "o ": 803,
    " ch": 24,
    "chà": 376,
    "hào": 543,
    "ào ": 1099,
    " chà": 27,
    "chào": 377,
    "hào ": 544,
    "b": 332,
    "ạ": 1224,
    " b": 1,
    "bạ": 353,
    "ạn": 1229,
    " bạ": 15,
    "bạn": 354,
    "ạn ": 1230,
    " bạn": 16,
    "bạn ": 355,
    "e": 439,
    "l": 660,
    " h": 77,
    "he": 508,
    "el": 447,
    "ll": 677,
    "lo": 682,
    " he": 78,
    "hel": 509,
    "ell": 450,
    "llo": 680,
    "lo ": 683,
    " hel": 79,
    "hell": 510,
    "ello": 452,
    "llo ": 681,
    "hi": 513,
    "i ": 595,
    " hi": 80,
    "hi ": 514,
    " hi ": 81,
    "g": 479,
    "d": 422,
    " g": 62,
    "go": 488,
    "oo": 826,
    "od": 806,
    "d ": 423,
    " go": 67,
    "goo": 489,
    "ood": 827,
    "od ": 807,
    " goo": 68,
    "good": 490,
    "ood ": 828,
    "m": 701,
    "r": 885,
    " m": 120,
    "mo": 716,
    "or": 832,
    "rn": 903,
    "ni": 769,
    "ng": 754,
    "g ": 480,
    " mo": 124,
    "mor": 717,
    "orn": 838,
    "rni": 905,
    "nin": 770,
    "ing": 612,
    "ng ": 755,
    " mor": 125,
    "morn": 718,
    "orni": 839,
    "rnin": 906,
    "ning": 771,
    "ing ": 613,
    "u": 1020,
    "ổ": 1319,
    "bu": 342,
    "uổ": 1044,
    "ổi": 1320,
    " bu": 8,
    "buổ": 343,
    "uổi": 1045,
    "ổi ": 1321,
    " buổ": 9,
    "buổi": 344,
    "uổi ": 1046,
    "s": 926,
    "á": 1100,
    " s": 194,
    "sá": 953,
    "án": 1105,
    " sá": 209,
    "sán": 956,
    "áng": 1107,
    " sán": 211,
    "sáng": 957,
    "áng ": 1108,
    "t": 966,
    " t": 218,
    "tạ": 1012,
    "ạm": 1227,
    "m ": 702,
    " tạ": 239,
    "tạm": 1013,
    "ạm ": 1228,
    " tạm": 240,
    "tạm ": 1014,
    "ệ": 1288,
    "bi": 339,
    "iệ": 640,
    "ệt": 1292,
    "t ": 967,
    " bi": 6,
    "biệ": 340,
    "iệt": 643,
    "ệt ": 1293,
    " biệ": 7,
    "biệt": 341,
    "iệt ": 644,
    "y": 1071,
    "by": 345,
    "ye": 1073,
    "e ": 440,
    " by": 10,
    "bye": 346,
    "ye ": 1074,
    " bye": 11,
    "bye ": 347,
    "se": 935,
    "ee": 445,
    " se": 199,
    "see": 936,
    "ee ": 446,
    " see": 200,
    "see ": 937,
    " y": 263,
    "yo": 1080,
    "ou": 844,
    "u ": 1021,
    " yo": 266,
    "you": 1081,
    "ou ": 845,
    " you": 267,
    "you ": 1082,
    "ẹ": 1264,
    "hẹ": 579,
    "ẹn": 1265,
    " hẹ": 89,
    "hẹn": 580,
    "ẹn ": 1266,
    " hẹn": 90,
    "hẹn ": 581,
    "ặ": 1259,
    "p": 859,
    "gặ": 493,
    "ặp": 1260,
    "p ": 860,
    " gặ": 71,
    "gặp": 494,
    "ặp ": 1261,
    " gặp": 72,
    "gặp ": 495,
    " l": 103,
    "lạ": 698,
    "ại": 1225,
    " lạ": 118,
    "lại": 699,
    "ại ": 1226,
    " lại": 119,
    "lại ": 700,
    "db": 427,
    "odb": 808,
    "dby": 428,
    "oodb": 829,
    "odby": 809,
    "dbye": 429,
    "ả": 1231,
    "cả": 415,
    "ảm": 1235,
    " cả": 46,
    "cảm": 417,
    "ảm ": 1236,
    " cảm": 48,
    "cảm ": 418,
    "ơ": 1207,
    " ơ": 301,
    "ơn": 1212,
    " ơn": 302,
    "ơn ": 1213,
    " ơn ": 303,
    "a": 304,
    "k": 647,
    "th": 971,
    "ha": 504,
    "an": 316,
    "nk": 772,
    "ks": 656,
    "s ": 927,
    " th": 219,
    "tha": 972,
    "han": 505,
    "ank": 321,
    "nks": 774,
    "ks ": 657,
    " tha": 220,
    "than": 973,
    "hank": 507,
    "anks": 323,
    "nks ": 775,
    "k ": 648,
    "nk ": 773,
    "ank ": 322,
    "ề": 1277,
    " n": 140,
    "nh": 756,
    "iề": 635,
    "ều": 1280,
    " nh": 143,
    "nhi": 758,
    "hiề": 519,
    "iều": 638,
    "ều ": 1281,
    " nhi": 144,
    "nhiề": 760,
    "hiều": 520,
    "iều ": 639,
    "ó": 1144,
    "có": 410,
    "ó ": 1145,
    " có": 42,
    "có ": 411,
    " có ": 43,
    "đ": 1165,
    "ú": 1154,
    " đ": 273,
    "đú": 1172,
    "ún": 1155,
    " đú": 278,
    "đún": 1173,
    "úng": 1156,
    " đún": 279,
    "đúng": 1174,
    "úng ": 1157,
    "ồ": 1312,
    " r": 184,
    "rồ": 918,
    "ồi": 1314,
    " rồ": 190,
    "rồi": 919,
    "ồi ": 1315,
    " rồi": 191,
    "rồi ": 920,
    "es": 467,
    " ye": 264,
    "yes": 1075,
    "es ": 468,
    " yes": 265,
    "yes ": 1076,
    " o": 161,
    "ok": 810,
    " ok": 162,
    "ok ": 811,
    " ok ": 163,
    "ư": 1214,
    "ợ": 1329,
    "đư": 1178,
    "ượ": 1219,
    "ợc": 1330,
    "c ": 365,
    " đư": 282,
    "đượ": 1179,
    "ược": 1220,
    "ợc ": 1331,
    " đượ": 283,
    "được": 1180,
    "ược ": 1221,
    "đồ": 1195,
    "ồn": 1316,
    " đồ": 294,
    "đồn": 1197,
    "ồng": 1317,
    " đồn": 296,
    "đồng": 1198,
    "ồng ": 1318,
    "ý": 1158,
    " ý": 268,
    "ý ": 1159,
    " ý ": 269,
    "ô": 1148,
    " k": 96,
    "kh": 649,
    "hô": 557,
    "ôn": 1151,
    " kh": 97,
    "khô": 654,
    "hôn": 558,
    "ông": 1152,
    " khô": 100,
    "khôn": 655,
    "hông": 559,
    "ông ": 1153,
    "no": 779,
    " no": 149,
    "no ": 780,
    " no ": 150,
    " p": 168,
    "ph": 864,
    "hả": 565,
    "ải": 1233,
    " ph": 171,
    "phả": 869,
    "hải": 566,
    "ải ": 1234,
    " phả": 174,
    "phải": 870,
    "hải ": 567,
    "sa": 928,
    "ai": 309,
    " sa": 195,
    "sai": 929,
    "ai ": 310,
    " sai": 196,
    "sai ": 930,
    "ữ": 1348,
    "hữ": 591,
    "ữn": 1349,
    "nhữ": 767,
    "hữn": 592,
    "ững": 1350,
    " nhữ": 148,
    "nhữn": 768,
    "hững": 593,
    "ững ": 1351,
    "oạ": 853,
    " lo": 107,
    "loạ": 684,
    "oại": 854,
    " loạ": 108,
    "loại": 685,
    "oại ": 855,
    "sả": 961,
    "ản": 1237,
    " sả": 214,
    "sản": 962,
    "ản ": 1238,
    " sản": 215,
    "sản ": 963,
    "ẩ": 1246,
    "hẩ": 571,
    "ẩm": 1247,
    "phẩ": 871,
    "hẩm": 572,
    "ẩm ": 1248,
    " phẩ": 175,
    "phẩm": 872,
    "hẩm ": 573,
    "ì": 1134,
    "gì": 491,
    "ì ": 1135,
    " gì": 69,
    "gì ": 492,
    " gì ": 70,
    " d": 51,
    "da": 424,
    "h ": 503,
    " da": 52,
    "dan": 425,
    "anh": 319,
    "nh ": 757,
    " dan": 53,
    "danh": 426,
    "anh ": 320,
    "ụ": 1337,
    "mụ": 736,
    "ục": 1338,
    " mụ": 136,
    "mục": 737,
    "ục ": 1339,
    " mục": 137,
    "mục ": 738,
    "nà": 787,
    " nà": 151,
    "nào": 788,
    " nào": 152,
    "nào ": 789,
    "bá": 348,
    " bá": 12,
    "bán": 349,
    "án ": 1106,
    " bán": 13,
    "bán ": 350,
    "ồ ": 1313,
    "đồ ": 1196,
    " đồ ": 295,
    "ố": 1302,
    "gố": 496,
    "ốm": 1306,
    " gố": 73,
    "gốm": 497,
    "ốm ": 1307,
    " gốm": 74,
    "gốm ": 498,
    "me": 706,
    "en": 456,
    "nu": 785,
    " me": 121,
    "men": 707,
    "enu": 461,
    "nu ": 786,
    " men": 122,
    "menu": 710,
    "enu ": 462,
    "cố": 419,
    "ốc": 1304,
    " cố": 49,
    "cốc": 420,
    "ốc ": 1305,
    " cốc": 50,
    "cốc ": 421,
    "đẹ": 1187,
    "ẹp": 1267,
    " đẹ": 288,
    "đẹp": 1188,
    "ẹp ": 1268,
    " đẹp": 289,
    "đẹp ": 1189,
    "mu": 721,
    "uố": 1040,
    "ốn": 1308,
    " mu": 126,
    "muố": 724,
    "uốn": 1041,
    "ốn ": 1309,
    " muố": 128,
    "muốn": 725,
    "uốn ": 1042,
    "ua": 1022,
    "a ": 305,
    "mua": 722,
    "ua ": 1023,
    " mua": 127,
    "mua ": 723,
    " u": 245,
    " uố": 246,
    "ống": 1310,
    " uốn": 247,
    "uống": 1043,
    "ống ": 1311,
    "ớ": 1324,
    "nư": 796,
    "ướ": 1216,
    "ớc": 1325,
    " nư": 157,
    "nướ": 797,
    "ước": 1217,
    "ớc ": 1326,
    " nướ": 158,
    "nước": 798,
    "ước ": 1218,
    "cà": 402,
    "à ": 1090,
    " cà": 36,
    "cà ": 403,
    " cà ": 37,
    "ê": 1128,
    "hê": 548,
    "ê ": 1129,
    "phê": 865,
    "hê ": 549,
    " phê": 172,
    "phê ": 866,
    "ly": 686,
    "y ": 1072,
    " ly": 109,
    "ly ": 687,
    " ly ": 110,
    "ậ": 1249,
    "hậ": 574,
    "ậu": 1254,
    "chậ": 386,
    "hậu": 577,
    "ậu ": 1255,
    " chậ": 32,
    "chậu": 387,
    "hậu ": 578,
    "â": 1113,
    "câ": 407,
    "ây": 1116,
    " câ": 40,
    "cây": 408,
    "ây ": 1117,
    " cây": 41,
    "cây ": 409,
    "tr": 995,
    " tr": 230,
    "trồ": 1002,
    "rồn": 921,
    " trồ": 234,
    "trồn": 1003,
    "rồng": 922,
    "ho": 521,
    "oa": 804,
    " ho": 82,
    "hoa": 523,
    "oa ": 805,
    " hoa": 83,
    "hoa ": 524,
    "ĩ": 1204,
    "đĩ": 1175,
    "ĩa": 1205,
    " đĩ": 280,
    "đĩa": 1176,
    "ĩa ": 1206,
    " đĩa": 281,
    "đĩa ": 1177,
    "ă": 1160,
    " ă": 270,
    "ăn": 1163,
    " ăn": 271,
    "ăn ": 1164,
    " ăn ": 272,
    "ra": 887,
    "tra": 996,
    "ran": 888,
    "ang": 317,
    " tra": 231,
    "tran": 997,
    "rang": 889,
    "ang ": 318,
    "í": 1139,
    "rí": 912,
    "í ": 1140,
    "trí": 998,
    "rí ": 913,
    " trí": 232,
    "trí ": 999,
    "de": 430,
    "ec": 441,
    "co": 390,
    "r ": 886,
    " de": 54,
    "dec": 431,
    "eco": 442,
    "cor": 395,
    "or ": 833,
    " dec": 55,
    "deco": 432,
    "ecor": 444,
    "cor ": 396,
    "v": 1047,
    "at": 326,
    "ti": 983,
    "iv": 621,
    "ve": 1048,
    "ora": 834,
    "rat": 890,
    "ati": 327,
    "tiv": 988,
    "ive": 622,
    "ve ": 1049,
    "cora": 397,
    "orat": 835,
    "rati": 891,
    "ativ": 328,
    "tive": 989,
    "ive ": 623,
    " v": 248,
    "vậ": 1058,
    "ật": 1252,
    " vậ": 253,
    "vật": 1061,
    "ật ": 1253,
    " vật": 255,
    "vật ": 1062,
    "è": 1122,
    "đè": 1169,
    "èn": 1123,
    " đè": 276,
    "đèn": 1170,
    "èn ": 1124,
    " đèn": 277,
    "đèn ": 1171,
    "kệ": 658,
    "ệ ": 1289,
    " kệ": 101,
    "kệ ": 659,
    " kệ ": 102,
    "át": 1109,
    "bát": 351,
    "át ": 1110,
    " bát": 14,
    "bát ": 352,
    "cơ": 412,
    "ơm": 1210,
    " cơ": 44,
    "cơm": 413,
    "ơm ": 1211,
    " cơm": 45,
    "cơm ": 414,
    "so": 948,
    "up": 1027,
    " so": 207,
    "sou": 949,
    "oup": 848,
    "up ": 1028,
    " sou": 208,
    "soup": 950,
    "oup ": 849,
    "gi": 481,
    "iá": 625,
    "á ": 1101,
    " gi": 63,
    "giá": 484,
    "iá ": 626,
    " giá": 65,
    "giá ": 485,
    "ba": 333,
    "ao": 324,
    " ba": 2,
    "bao": 334,
    "ao ": 325,
    " bao": 3,
    "bao ": 335,
    "iê": 627,
    "êu": 1132,
    "hiê": 517,
    "iêu": 630,
    "êu ": 1133,
    "nhiê": 759,
    "hiêu": 518,
    "iêu ": 631,
    "ả ": 1232,
    "cả ": 416,
    " cả ": 47,
    "hư": 563,
    "ư ": 1215,
    "như": 761,
    "hư ": 564,
    " như": 145,
    "như ": 762,
    "ế": 1271,
    "hế": 582,
    "ế ": 1272,
    "thế": 979,
    "hế ": 583,
    " thế": 223,
    "thế ": 980,
    "ắ": 1256,
    "đắ": 1181,
    "ắt": 1257,
    " đắ": 284,
    "đắt": 1182,
    "ắt ": 1258,
    " đắt": 285,
    "đắt ": 1183,
    "ẻ": 1269,
    "rẻ": 916,
    "ẻ ": 1270,
    " rẻ": 188,
    "rẻ ": 917,
    " rẻ ": 189,
    "ấ": 1241,
    "hấ": 568,
    "ất": 1244,
    "nhấ": 763,
    "hất": 569,
    "ất ": 1245,
    " nhấ": 146,
    "nhất": 764,
    "hất ": 570,
    "ứ": 1340,
    "mứ": 739,
    "ức": 1341,
    " mứ": 138,
    "mức": 740,
    "ức ": 1342,
    " mức": 139,
    "mức ": 741,
    "pr": 876,
    "ri": 900,
    "ic": 599,
    "ce": 366,
    " pr": 178,
    "pri": 877,
    "ric": 901,
    "ice": 600,
    "ce ": 367,
    " pri": 179,
    "pric": 878,
    "rice": 902,
    "ice ": 601,
    "là": 688,
    "àm": 1091,
    " là": 111,
    "làm": 690,
    "àm ": 1092,
    " làm": 113,
    "làm ": 691,
    "ừ": 1343,
    "từ": 1018,
    "ừ ": 1344,
    " từ": 243,
    "từ ": 1019,
    " từ ": 244,
    "chấ": 384,
    " chấ": 31,
    "chất": 385,
    "li": 666,
    "ệu": 1294,
    " li": 104,
    "liệ": 675,
    "iệu": 645,
    "ệu ": 1295,
    " liệ": 106,
    "liệu": 676,
    "iệu ": 646,
    "là ": 689,
    " là ": 112,
    "lư": 695,
    "ợn": 1334,
    " lư": 116,
    "lượ": 696,
    "ượn": 1222,
    "ợng": 1335,
    " lượ": 117,
    "lượn": 697,
    "ượng": 1223,
    "ợng ": 1336,
    "ộ": 1322,
    "độ": 1202,
    "ộ ": 1323,
    " độ": 299,
    "độ ": 1203,
    " độ ": 300,
    "bề": 359,
    "ền": 1278,
    " bề": 19,
    "bền": 360,
    "ền ": 1279,
    " bền": 20,
    "bền ": 361,
    "sao": 933,
    " sao": 198,
    "sao ": 934,
    "ể": 1282,
    "để": 1190,
    "ể ": 1283,
    " để": 290,
    "để ": 1191,
    " để ": 291,
    "đặ": 1184,
    "ặt": 1262,
    " đặ": 286,
    "đặt": 1185,
    "ặt ": 1263,
    " đặt": 287,
    "đặt ": 1186,
    "àn": 1093,
    " hà": 85,
    "hàn": 540,
    "àng": 1094,
    " hàn": 86,
    "hàng": 541,
    "àng ": 1095,
    "cá": 404,
    "ác": 1102,
    " cá": 38,
    "các": 405,
    "ách": 1103,
    "ch ": 369,
    " các": 39,
    "cách": 406,
    "ách ": 1104,
    "rd": 892,
    "er": 463,
    " or": 166,
    "ord": 836,
    "rde": 893,
    "der": 435,
    "er ": 464,
    " ord": 167,
    "orde": 837,
    "rder": 894,
    "der ": 436,
    "on": 820,
    "nl": 776,
    "ne": 749,
    " on": 164,
    "onl": 822,
    "nli": 777,
    "lin": 669,
    "ine": 608,
    "ne ": 750,
    " onl": 165,
    "onli": 823,
    "nlin": 778,
    "line": 670,
    "ine ": 609,
    "hanh": 506,
    "to": 992,
    "oá": 850,
    " to": 228,
    "toá": 993,
    "oán": 851,
    " toá": 229,
    "toán": 994,
    "oán ": 852,
    "ận": 1250,
    "nhậ": 765,
    "hận": 575,
    "ận ": 1251,
    " nhậ": 147,
    "nhận": 766,
    "hận ": 576,
    " ti": 225,
    "tiề": 990,
    "iền": 636,
    " tiề": 227,
    "tiền": 991,
    "iền ": 637,
    "mặ": 733,
    " mặ": 134,
    "mặt": 734,
    " mặt": 135,
    "mặt ": 735,
    "pa": 861,
    "ay": 329,
    "ym": 1077,
    "nt": 781,
    " pa": 169,
    "pay": 862,
    "aym": 330,
    "yme": 1078,
    "ent": 459,
    "nt ": 782,
    " pay": 170,
    "paym": 863,
    "ayme": 331,
    "ymen": 1079,
    "ment": 709,
    "ent ": 460,
    "et": 471,
    "met": 711,
    "eth": 472,
    "tho": 974,
    "hod": 525,
    " met": 123,
    "meth": 712,
    "etho": 473,
    "thod": 975,
    "hod ": 526,
    "hì": 550,
    "ìn": 1136,
    " hì": 87,
    "hìn": 551,
    "ình": 1137,
    " hìn": 88,
    "hình": 552,
    "ình ": 1138,
    "hứ": 588,
    "thứ": 981,
    "hức": 589,
    " thứ": 224,
    "thức": 982,
    "hức ": 590,
    "hu": 535,
    "uy": 1032,
    "yể": 1086,
    "ển": 1284,
    "chu": 374,
    "huy": 536,
    "uyể": 1035,
    "yển": 1087,
    "ển ": 1285,
    " chu": 26,
    "chuy": 375,
    "huyể": 538,
    "uyển": 1036,
    "yển ": 1088,
    "oả": 856,
    "kho": 650,
    "hoả": 533,
    "oản": 857,
    " kho": 98,
    "khoả": 651,
    "hoản": 534,
    "oản ": 858,
    "ia": 596,
    "gia": 482,
    "iao": 597,
    " gia": 64,
    "giao": 483,
    "iao ": 598,
    "sh": 940,
    "ip": 619,
    " sh": 202,
    "shi": 941,
    "hip": 515,
    "ip ": 620,
    " shi": 203,
    "ship": 942,
    "hip ": 516,
    "tậ": 1015,
    " tậ": 241,
    "tận": 1016,
    " tận": 242,
    "tận ": 1017,
    "nơ": 793,
    "ơi": 1208,
    " nơ": 155,
    "nơi": 794,
    "ơi ": 1209,
    " nơi": 156,
    "nơi ": 795,
    "hí": 553,
    "phí": 867,
    "hí ": 554,
    " phí": 173,
    "phí ": 868,
    "vận": 1059,
    " vận": 254,
    "vận ": 1060,
    "lâ": 692,
    "âu": 1114,
    " lâ": 114,
    "lâu": 693,
    "âu ": 1115,
    " lâu": 115,
    "lâu ": 694,
    "ry": 910,
    "del": 433,
    "eli": 448,
    "liv": 671,
    "ver": 1050,
    "ery": 465,
    "ry ": 911,
    " del": 56,
    "deli": 434,
    "eliv": 449,
    "live": 672,
    "iver": 624,
    "very": 1051,
    "ery ": 466,
    "đổ": 1199,
    " đổ": 297,
    "đổi": 1200,
    " đổi": 298,
    "đổi ": 1201,
    "rả": 914,
    "trả": 1000,
    "rả ": 915,
    " trả": 233,
    "trả ": 1001,
    "ín": 1141,
    "chí": 380,
    "hín": 555,
    "ính": 1142,
    " chí": 29,
    "chín": 381,
    "hính": 556,
    "ính ": 1143,
    "sác": 954,
    " sác": 210,
    "sách": 955,
    "re": 895,
    "tu": 1004,
    "ur": 1029,
    " re": 185,
    "ret": 898,
    "etu": 474,
    "tur": 1005,
    "urn": 1030,
    "rn ": 904,
    " ret": 187,
    "retu": 899,
    "etur": 475,
    "turn": 1006,
    "urn ": 1031,
    "po": 873,
    "ol": 812,
    "cy": 400,
    " po": 176,
    "pol": 874,
    "oli": 813,
    "lic": 667,
    "icy": 602,
    "cy ": 401,
    " pol": 177,
    "poli": 875,
    "olic": 814,
    "licy": 668,
    "icy ": 603,
    "bả": 356,
    "ảo": 1239,
    " bả": 17,
    "bảo": 357,
    "ảo ": 1240,
    " bảo": 18,
    "bảo ": 358,
    "ành": 1096,
    "hành": 542,
    "ành ": 1097,
    "na": 744,
    " na": 141,
    "nao": 745,
    " nao": 142,
    "nao ": 746,
    "nế": 799,
    "ếu": 1275,
    " nế": 159,
    "nếu": 800,
    "ếu ": 1276,
    " nếu": 160,
    "nếu ": 801,
    "ị": 1298,
    "bị": 362,
    "ị ": 1299,
    " bị": 21,
    "bị ": 363,
    " bị ": 22,
    "ỡ": 1327,
    "vỡ": 1065,
    "ỡ ": 1328,
    " vỡ": 258,
    "vỡ ": 1066,
    " vỡ ": 259,
    "thô": 977,
    " thô": 222,
    "thôn": 978,
    "tin": 984,
    " tin": 226,
    "tin ": 985,
    "ên": 1130,
    "liê": 673,
    "iên": 628,
    "ên ": 1131,
    " liê": 105,
    "liên": 674,
    "iên ": 629,
    "hệ": 584,
    " hệ": 91,
    "hệ ": 585,
    " hệ ": 92,
    "số": 964,
    "ố ": 1303,
    " số": 216,
    "số ": 965,
    " số ": 217,
    "đi": 1166,
    "ện": 1290,
    " đi": 274,
    "điệ": 1167,
    "iện": 641,
    "ện ": 1291,
    " điệ": 275,
    "điện": 1168,
    "iện ": 642,
    "hoạ": 531,
    " tho": 221,
    "thoạ": 976,
    "hoại": 532,
    "đị": 1192,
    "ịa": 1300,
    " đị": 292,
    "địa": 1193,
    "ịa ": 1301,
    " địa": 293,
    "địa ": 1194,
    "ỉ": 1296,
    "hỉ": 586,
    "ỉ ": 1297,
    "chỉ": 388,
    "hỉ ": 587,
    " chỉ": 33,
    "chỉ ": 389,
    " e": 59,
    "em": 453,
    "ma": 703,
    "il": 604,
    "l ": 661,
    " em": 60,
    "ema": 454,
    "mai": 704,
    "ail": 311,
    "il ": 605,
    " ema": 61,
    "emai": 455,
    "mail": 705,
    "ail ": 312,
    "ta": 968,
    "ac": 306,
    "ct": 398,
    " co": 34,
    "con": 393,
    "ont": 824,
    "nta": 783,
    "tac": 969,
    "act": 307,
    "ct ": 399,
    " con": 35,
    "cont": 394,
    "onta": 825,
    "ntac": 784,
    "tact": 970,
    "act ": 308,
    "f": 476,
    " i": 93,
    "nf": 751,
    "fo": 477,
    " in": 94,
    "inf": 610,
    "nfo": 752,
    "fo ": 478,
    " inf": 95,
    "info": 611,
    "nfo ": 753,
    "op": 830,
    "sho": 943,
    "hop": 527,
    "op ": 831,
    " sho": 204,
    "shop": 944,
    "hop ": 528,
    "yế": 1083,
    "ến": 1273,
    "khu": 652,
    "uyế": 1033,
    "yến": 1084,
    "ến ": 1274,
    " khu": 99,
    "khuy": 653,
    "huyế": 537,
    "uyến": 1034,
    "yến ": 1085,
    "ã": 1118,
    "mã": 729,
    "ãi": 1120,
    " mã": 131,
    "mãi": 731,
    "ãi ": 1121,
    " mãi": 133,
    "mãi ": 732,
    "al": 313,
    "le": 662,
    "sal": 931,
    "ale": 314,
    "le ": 663,
    " sal": 197,
    "sale": 932,
    "ale ": 315,
    "iả": 632,
    "giả": 486,
    "iảm": 633,
    " giả": 66,
    "giảm": 487,
    "iảm ": 634,
    "ro": 907,
    "om": 815,
    "ot": 840,
    "io": 616,
    "pro": 879,
    "rom": 908,
    "omo": 818,
    "mot": 719,
    "oti": 842,
    "tio": 986,
    "ion": 617,
    "on ": 821,
    " pro": 180,
    "prom": 880,
    "romo": 909,
    "omot": 819,
    "moti": 720,
    "otio": 843,
    "tion": 987,
    "ion ": 618,
    "vo": 1052,
    "uc": 1024,
    " vo": 249,
    "vou": 1053,
    "ouc": 846,
    "uch": 1025,
    "che": 370,
    "her": 511,
    " vou": 250,
    "vouc": 1054,
    "ouch": 847,
    "uche": 1026,
    "cher": 371,
    "her ": 512,
    "ã ": 1119,
    "mã ": 730,
    " mã ": 132,
    "tư": 1010,
    " tư": 237,
    "tư ": 1011,
    " tư ": 238,
    "vấ": 1055,
    "ấn": 1242,
    " vấ": 251,
    "vấn": 1056,
    "ấn ": 1243,
    " vấn": 252,
    "vấn ": 1057,
    "cho": 372,
    "ho ": 522,
    " cho": 25,
    "cho ": 373,
    "tô": 1007,
    "ôi": 1149,
    " tô": 235,
    "tôi": 1008,
    "ôi ": 1150,
    " tôi": 236,
    "tôi ": 1009,
    "nê": 790,
    " nê": 153,
    "nên": 791,
    " nên": 154,
    "nên ": 792,
    "hot": 529,
    "ot ": 841,
    " hot": 84,
    "hot ": 530,
    "mm": 713,
    "nd": 747,
    "rec": 896,
    "com": 391,
    "omm": 816,
    "mme": 714,
    "end": 457,
    "nd ": 748,
    " rec": 186,
    "reco": 897,
    "ecom": 443,
    "comm": 392,
    "omme": 817,
    "mmen": 715,
    "mend": 708,
    "end ": 458,
    "gợ": 499,
    "ợi": 1332,
    " gợ": 75,
    "gợi": 500,
    "ợi ": 1333,
    " gợi": 76,
    "gợi ": 501,
    "be": 336,
    "st": 951,
    " be": 4,
    "bes": 337,
    "est": 469,
    "st ": 952,
    " bes": 5,
    "best": 338,
    "est ": 470,
    "sel": 938,
    "lle": 678,
    "ler": 664,
    " sel": 201,
    "sell": 939,
    "elle": 451,
    "ller": 679,
    "ler ": 665,
    "q": 881,
    " q": 181,
    "qu": 882,
    "uả": 1037,
    " qu": 182,
    "quả": 883,
    "uản": 1038,
    " quả": 183,
    "quản": 884,
    "uản ": 1039,
    "vệ": 1063,
    " vệ": 256,
    "vệ ": 1064,
    " vệ ": 257,
    "si": 945,
    " si": 205,
    "sin": 946,
    "inh": 614,
    " sin": 206,
    "sinh": 947,
    "inh ": 615,
    "hă": 560,
    "ăm": 1161,
    "chă": 382,
    "hăm": 561,
    "ăm ": 1162,
    " chă": 30,
    "chăm": 383,
    "hăm ": 562,
    "só": 958,
    "óc": 1146,
    " só": 212,
    "sóc": 959,
    "óc ": 1147,
    " sóc": 213,
    "sóc ": 960,
    "ử": 1345,
    "rử": 923,
    "ửa": 1346,
    " rử": 192,
    "rửa": 924,
    "ửa ": 1347,
    " rửa": 193,
    "rửa ": 925,
    "má": 726,
    "áy": 1111,
    " má": 129,
    "máy": 727,
    "áy ": 1112,
    " máy": 130,
    "máy ": 728,
    "é": 1125,
    "hé": 545,
    "én": 1126,
    "ché": 378,
    "hén": 546,
    "én ": 1127,
    " ché": 28,
    "chén": 379,
    "hén ": 547,
    "ễ": 1286,
    "dễ": 437,
    "ễ ": 1287,
    " dễ": 57,
    "dễ ": 438,
    " dễ ": 58
  },
  "response": null,
  "action_text": null
}