{
  "text": {
    "xin": 157,
    "chào": 14,
    "bạn": 7,
    "hello": 45,
    "hi": 46,
    "good": 39,
    "morning": 70,
    "buổi": 3,
    "sáng": 123,
    "tạm": 144,
    "biệt": 2,
    "bye": 4,
    "see": 116,
    "you": 159,
    "hẹn": 52,
    "gặp": 42,
    "lại": 67,
    "goodbye": 40,
    "cảm": 28,
    "ơn": 178,
    "thanks": 130,
    "thank": 129,
    "nhiều": 83,
    "có": 25,
    "đúng": 164,
    "rồi": 110,
    "yes": 158,
    "ok": 95,
    "được": 166,
    "đồng": 174,
    "ý": 160,
    "không": 57,
    "no": 88,
    "phải": 101,
    "sai": 112,
    "những": 87,
    "loại": 61,
    "sản": 125,
    "phẩm": 102,
    "gì": 41,
    "danh": 30,
    "mục": 79,
    "nào": 89,
    "bán": 5,
    "đồ": 173,
    "gốm": 43,
    "menu": 68,
    "cốc": 29,
    "đẹp": 169,
    "muốn": 72,
    "mua": 71,
    "uống": 148,
    "nước": 92,
    "cà": 22,
    "phê": 99,
    "ly": 62,
    "chậu": 19,
    "cây": 24,
    "trồng": 141,
    "hoa": 47,
    "đĩa": 165,
    "ăn": 161,
    "trang": 138,
    "trí": 139,
    "decor": 31,
    "decorative": 32,
    "vật": 153,
    "đèn": 163,
    "kệ": 58,
    "bát": 6,
    "cơm": 26,
    "soup": 121,
    "giá": 37,
    "bao": 0,
    "nhiêu": 82,
    "cả": 27,
    "như": 84,
    "thế": 133,
    "đắt": 167,
    "rẻ": 109,
    "nhất": 85,
    "mức": 80,
    "price": 104,
    "đỏ": 172,
    "màu": 73,
    "tadla": 127,
    "làm": 64,
    "từ": 147,
    "mô": 77,
    "tả": 145,
    "salad": 113,
    "vuông": 150,
    "đỡ": 177,
    "nến": 93,
    "thông": 132,
    "tin": 135,
    "về": 154,
    "caramel": 11,
    "chất": 18,
    "liệu": 60,
    "là": 63,
    "lượng": 66,
    "độ": 176,
    "bền": 9,
    "sao": 115,
    "để": 170,
    "đặt": 168,
    "hàng": 49,
    "cách": 23,
    "order": 97,
    "online": 96,
    "thanh": 128,
    "toán": 137,
    "nhận": 86,
    "tiền": 136,
    "mặt": 78,
    "payment": 98,
    "method": 69,
    "hình": 51,
    "thức": 134,
    "chuyển": 13,
    "khoản": 55,
    "giao": 36,
    "ship": 118,
    "tận": 146,
    "nơi": 91,
    "phí": 100,
    "vận": 152,
    "lâu": 65,
    "delivery": 33,
    "đổi": 175,
    "trả": 140,
    "chính": 16,
    "sách": 122,
    "return": 108,
    "policy": 103,
    "bảo": 8,
    "hành": 50,
    "nao": 81,
    "nếu": 94,
    "bị": 10,
    "vỡ": 156,
    "liên": 59,
    "hệ": 53,
    "số": 126,
    "điện": 162,
    "thoại": 131,
    "địa": 171,
    "chỉ": 20,
    "email": 35,
    "contact": 21,
    "info": 54,
    "shop": 119,
    "khuyến": 56,
    "mãi": 76,
    "sale": 114,
    "giảm": 38,
    "promotion": 105,
    "voucher": 149,
    "mã": 75,
    "tư": 143,
    "vấn": 151,
    "cho": 12,
    "tôi": 142,
    "nên": 90,
    "hot": 48,
    "recommend": 107,
    "gợi": 44,
    "best": 1,
    "seller": 117,
    "quản": 106,
    "vệ": 155,
    "sinh": 120,
    "chăm": 17,
    "sóc": 124,
    "rửa": 111,
    "máy": 74,
    "chén": 15,
    "dễ": 34
  },
  "intent": {
    "greet": 20,
    "goodbye": 19,
    "thank": 22,
    "affirm": 0,
    "deny": 18,
    "ask_categories": 3,
    "ask_mugs": 7,
    "ask_pots": 11,
    "ask_plates": 10,
    "ask_decor": 5,
    "ask_bowls": 1,
    "ask_price": 12,
    "ask_product_details": 13,
    "ask_material": 6,
    "ask_ordering": 8,
    "ask_payment": 9,
    "ask_shipping": 17,
    "ask_return_policy": 16,
    "ask_contact": 4,
    "ask_promotion": 14,
    "ask_recommendation": 15,
    "ask_care_instructions": 2,
    "nlu_fallback": 21
  },
  "response": null,
  "action_name": {
    "action_listen": 6,
    "action_restart": 7,
    "action_session_start": 9,
    "action_default_fallback": 4,
    "action_deactivate_loop": 1,
    "action_revert_fallback_events": 8,
    "action_default_ask_affirmation": 2,
    "action_default_ask_rephrase": 3,
    "action_two_stage_fallback": 10,
    "action_unlikely_intent": 11,
    "action_back": 0,
    "action_extract_slots": 5,
    "utter_ask_more_help": 12,
    "utter_bowls_info": 13,
    "utter_care_instructions": 14,
    "utter_categories": 15,
    "utter_contact_info": 16,
    "utter_decor_info": 17,
    "utter_default": 18,
    "utter_goodbye": 19,
    "utter_greet": 20,
    "utter_material_info": 21,
    "utter_mugs_info": 22,
    "utter_ordering_info": 23,
    "utter_payment_info": 24,
    "utter_plates_info": 25,
    "utter_pots_info": 26,
    "utter_price_range": 27,
    "utter_promotion_info": 28,
    "utter_recommendation": 29,
    "utter_return_policy": 30,
    "utter_shipping_info": 31,
    "utter_thank": 32
  },
  "action_text": null,
  "intent_response_key": null
}