{
  "lookup": {
    "rules": {
      "[{\"prev_action\": {\"action_name\": \"action_listen\"}, \"user\": {\"intent\": \"ask_material\"}}]": "utter_material_info",
      "[{\"prev_action\": {\"action_name\": \"action_listen\"}, \"user\": {\"intent\": \"ask_material\"}}, {\"prev_action\": {\"action_name\": \"utter_material_info\"}, \"user\": {\"intent\": \"ask_material\"}}]": "action_listen",
      "[{\"prev_action\": {\"action_name\": \"action_listen\"}, \"user\": {\"intent\": \"ask_payment\"}}]": "utter_payment_info",
      "[{\"prev_action\": {\"action_name\": \"action_listen\"}, \"user\": {\"intent\": \"ask_payment\"}}, {\"prev_action\": {\"action_name\": \"utter_payment_info\"}, \"user\": {\"intent\": \"ask_payment\"}}]": "action_listen",
      "[{\"prev_action\": {\"action_name\": \"action_listen\"}, \"user\": {\"intent\": \"ask_ordering\"}}]": "utter_ordering_info",
      "[{\"prev_action\": {\"action_name\": \"action_listen\"}, \"user\": {\"intent\": \"ask_ordering\"}}, {\"prev_action\": {\"action_name\": \"utter_ordering_info\"}, \"user\": {\"intent\": \"ask_ordering\"}}]": "action_listen",
      "[{\"prev_action\": {\"action_name\": \"action_listen\"}, \"user\": {\"intent\": \"thank\"}}]": "utter_thank",
      "[{\"prev_action\": {\"action_name\": \"action_listen\"}, \"user\": {\"intent\": \"thank\"}}, {\"prev_action\": {\"action_name\": \"utter_thank\"}, \"user\": {\"intent\": \"thank\"}}]": "action_listen",
      "[{\"prev_action\": {\"action_name\": \"action_listen\"}, \"user\": {\"intent\": \"ask_pots\"}}]": "utter_pots_info",
      "[{\"prev_action\": {\"action_name\": \"action_listen\"}, \"user\": {\"intent\": \"ask_pots\"}}, {\"prev_action\": {\"action_name\": \"utter_pots_info\"}, \"user\": {\"intent\": \"ask_pots\"}}]": "action_listen",
      "[{\"prev_action\": {\"action_name\": \"action_listen\"}, \"user\": {\"intent\": \"ask_recommendation\"}}]": "utter_recommendation",
      "[{\"prev_action\": {\"action_name\": \"action_listen\"}, \"user\": {\"intent\": \"ask_recommendation\"}}, {\"prev_action\": {\"action_name\": \"utter_recommendation\"}, \"user\": {\"intent\": \"ask_recommendation\"}}]": "action_listen",
      "[{\"prev_action\": {\"action_name\": \"action_listen\"}, \"user\": {\"intent\": \"ask_categories\"}}]": "utter_categories",
      "[{\"prev_action\": {\"action_name\": \"action_listen\"}, \"user\": {\"intent\": \"ask_categories\"}}, {\"prev_action\": {\"action_name\": \"utter_categories\"}, \"user\": {\"intent\": \"ask_categories\"}}]": "action_listen",
      "[{\"prev_action\": {\"action_name\": \"action_listen\"}, \"user\": {\"intent\": \"ask_contact\"}}]": "utter_contact_info",
      "[{\"prev_action\": {\"action_name\": \"action_listen\"}, \"user\": {\"intent\": \"ask_contact\"}}, {\"prev_action\": {\"action_name\": \"utter_contact_info\"}, \"user\": {\"intent\": \"ask_contact\"}}]": "action_listen",
      "[{\"prev_action\": {\"action_name\": \"action_listen\"}, \"user\": {\"intent\": \"ask_care_instructions\"}}]": "utter_care_instructions",
      "[{\"prev_action\": {\"action_name\": \"action_listen\"}, \"user\": {\"intent\": \"ask_care_instructions\"}}, {\"prev_action\": {\"action_name\": \"utter_care_instructions\"}, \"user\": {\"intent\": \"ask_care_instructions\"}}]": "action_listen",
      "[{\"prev_action\": {\"action_name\": \"action_listen\"}, \"user\": {\"intent\": \"ask_return_policy\"}}]": "utter_return_policy",
      "[{\"prev_action\": {\"action_name\": \"action_listen\"}, \"user\": {\"intent\": \"ask_return_policy\"}}, {\"prev_action\": {\"action_name\": \"utter_return_policy\"}, \"user\": {\"intent\": \"ask_return_policy\"}}]": "action_listen",
      "[{\"prev_action\": {\"action_name\": \"action_listen\"}, \"user\": {\"intent\": \"ask_price\"}}]": "utter_price_range",
      "[{\"prev_action\": {\"action_name\": \"action_listen\"}, \"user\": {\"intent\": \"ask_price\"}}, {\"prev_action\": {\"action_name\": \"utter_price_range\"}, \"user\": {\"intent\": \"ask_price\"}}]": "action_listen",
      "[{\"prev_action\": {\"action_name\": \"action_listen\"}, \"user\": {\"intent\": \"ask_decor\"}}]": "utter_decor_info",
      "[{\"prev_action\": {\"action_name\": \"action_listen\"}, \"user\": {\"intent\": \"ask_decor\"}}, {\"prev_action\": {\"action_name\": \"utter_decor_info\"}, \"user\": {\"intent\": \"ask_decor\"}}]": "action_listen",
      "[{\"prev_action\": {\"action_name\": \"action_listen\"}, \"user\": {\"intent\": \"ask_mugs\"}}]": "utter_mugs_info",
      "[{\"prev_action\": {\"action_name\": \"action_listen\"}, \"user\": {\"intent\": \"ask_mugs\"}}, {\"prev_action\": {\"action_name\": \"utter_mugs_info\"}, \"user\": {\"intent\": \"ask_mugs\"}}]": "action_listen",
      "[{\"prev_action\": {\"action_name\": \"action_listen\"}, \"user\": {\"intent\": \"ask_bowls\"}}]": "utter_bowls_info",
      "[{\"prev_action\": {\"action_name\": \"action_listen\"}, \"user\": {\"intent\": \"ask_bowls\"}}, {\"prev_action\": {\"action_name\": \"utter_bowls_info\"}, \"user\": {\"intent\": \"ask_bowls\"}}]": "action_listen",
      "[{\"prev_action\": {\"action_name\": \"action_listen\"}, \"user\": {\"intent\": \"nlu_fallback\"}}]": "utter_default",
      "[{\"prev_action\": {\"action_name\": \"action_listen\"}, \"user\": {\"intent\": \"nlu_fallback\"}}, {\"prev_action\": {\"action_name\": \"utter_default\"}, \"user\": {\"intent\": \"nlu_fallback\"}}]": "action_listen",
      "[{\"prev_action\": {\"action_name\": \"action_listen\"}, \"user\": {\"intent\": \"ask_plates\"}}]": "utter_plates_info",
      "[{\"prev_action\": {\"action_name\": \"action_listen\"}, \"user\": {\"intent\": \"ask_plates\"}}, {\"prev_action\": {\"action_name\": \"utter_plates_info\"}, \"user\": {\"intent\": \"ask_plates\"}}]": "action_listen",
      "[{\"active_loop\": {\"name\": \"should_not_be_set\"}, \"prev_action\": {\"action_name\": \"action_listen\"}, \"user\": {\"intent\": \"affirm\"}}]": "utter_ask_more_help",
      "[{\"active_loop\": {\"name\": \"should_not_be_set\"}, \"prev_action\": {\"action_name\": \"action_listen\"}, \"user\": {\"intent\": \"affirm\"}}, {\"active_loop\": {\"name\": \"should_not_be_set\"}, \"prev_action\": {\"action_name\": \"utter_ask_more_help\"}, \"user\": {\"intent\": \"affirm\"}}]": "action_listen",
      "[{\"active_loop\": {\"name\": \"should_not_be_set\"}, \"prev_action\": {\"action_name\": \"action_listen\"}, \"user\": {\"intent\": \"deny\"}}]": "utter_goodbye",
      "[{\"active_loop\": {\"name\": \"should_not_be_set\"}, \"prev_action\": {\"action_name\": \"action_listen\"}, \"user\": {\"intent\": \"deny\"}}, {\"active_loop\": {\"name\": \"should_not_be_set\"}, \"prev_action\": {\"action_name\": \"utter_goodbye\"}, \"user\": {\"intent\": \"deny\"}}]": "action_listen",
      "[{\"prev_action\": {\"action_name\": \"action_listen\"}, \"user\": {\"intent\": \"ask_shipping\"}}]": "utter_shipping_info",
      "[{\"prev_action\": {\"action_name\": \"action_listen\"}, \"user\": {\"intent\": \"ask_shipping\"}}, {\"prev_action\": {\"action_name\": \"utter_shipping_info\"}, \"user\": {\"intent\": \"ask_shipping\"}}]": "action_listen",
      "[{\"prev_action\": {\"action_name\": \"action_listen\"}, \"user\": {\"intent\": \"greet\"}}]": "utter_greet",
      "[{\"prev_action\": {\"action_name\": \"action_listen\"}, \"user\": {\"intent\": \"greet\"}}, {\"prev_action\": {\"action_name\": \"utter_greet\"}, \"user\": {\"intent\": \"greet\"}}]": "action_listen",
      "[{\"prev_action\": {\"action_name\": \"action_listen\"}, \"user\": {\"intent\": \"ask_promotion\"}}]": "utter_promotion_info",
      "[{\"prev_action\": {\"action_name\": \"action_listen\"}, \"user\": {\"intent\": \"ask_promotion\"}}, {\"prev_action\": {\"action_name\": \"utter_promotion_info\"}, \"user\": {\"intent\": \"ask_promotion\"}}]": "action_listen",
      "[{\"prev_action\": {\"action_name\": \"action_listen\"}, \"user\": {\"intent\": \"goodbye\"}}]": "utter_goodbye",
      "[{\"prev_action\": {\"action_name\": \"action_listen\"}, \"user\": {\"intent\": \"goodbye\"}}, {\"prev_action\": {\"action_name\": \"utter_goodbye\"}, \"user\": {\"intent\": \"goodbye\"}}]": "action_listen"
    },
    "rule_only_slots": [],
    "rule_only_loops": [],
    "rules_for_loop_unhappy_path": {},
    "rules_not_in_stories": [
      "predicting default action with intent back",
      "predicting default action with intent restart",
      "predicting default action with intent session_start"
    ]
  }
}