{
  "type": "MaxHistoryTrackerFeaturizer",
  "state_featurizer": {
    "action_texts": [],
    "entity_tag_specs": [],
    "feature_states": {
      "intent": {
        "affirm": 0,
        "ask_bowls": 1,
        "ask_care_instructions": 2,
        "ask_categories": 3,
        "ask_contact": 4,
        "ask_decor": 5,
        "ask_material": 6,
        "ask_mugs": 7,
        "ask_ordering": 8,
        "ask_payment": 9,
        "ask_plates": 10,
        "ask_pots": 11,
        "ask_price": 12,
        "ask_product_details": 13,
        "ask_promotion": 14,
        "ask_recommendation": 15,
        "ask_return_policy": 16,
        "ask_shipping": 17,
        "back": 18,
        "deny": 19,
        "goodbye": 20,
        "greet": 21,
        "nlu_fallback": 22,
        "out_of_scope": 23,
        "restart": 24,
        "session_start": 25,
        "thank": 26
      },
      "action_name": {
        "action_listen": 0,
        "action_restart": 1,
        "action_session_start": 2,
        "action_default_fallback": 3,
        "action_deactivate_loop": 4,
        "action_revert_fallback_events": 5,
        "action_default_ask_affirmation": 6,
        "action_default_ask_rephrase": 7,
        "action_two_stage_fallback": 8,
        "action_unlikely_intent": 9,
        "action_back": 10,
        "...": 11,
        "action_extract_slots": 12,
        "utter_ask_more_help": 13,
        "utter_bowls_info": 14,
        "utter_care_instructions": 15,
        "utter_categories": 16,
        "utter_contact_info": 17,
        "utter_decor_info": 18,
        "utter_default": 19,
        "utter_goodbye": 20,
        "utter_greet": 21,
        "utter_material_info": 22,
        "utter_mugs_info": 23,
        "utter_ordering_info": 24,
        "utter_payment_info": 25,
        "utter_plates_info": 26,
        "utter_pots_info": 27,
        "utter_price_range": 28,
        "utter_promotion_info": 29,
        "utter_recommendation": 30,
        "utter_return_policy": 31,
        "utter_shipping_info": 32,
        "utter_thank": 33
      },
      "entities": {},
      "slots": {},
      "active_loop": {}
    }
  },
  "remove_duplicates": true,
  "max_history": 5
}