{
  "intent": [
    {
      "data_type": "sentence",
      "attribute": "intent",
      "origin": "SingleStateFeaturizer",
      "is_sparse": true,
      "shape": [
        0,
        27
      ],
      "safetensors_key": "intent_0"
    }
  ],
  "action_name": [
    {
      "data_type": "sentence",
      "attribute": "action_name",
      "origin": "SingleStateFeaturizer",
      "is_sparse": true,
      "shape": [
        0,
        34
      ],
      "safetensors_key": "action_name_0"
    }
  ]
}