{
  "0": "affirm",
  "1": "ask_bowls",
  "2": "ask_care_instructions",
  "3": "ask_categories",
  "4": "ask_contact",
  "5": "ask_decor",
  "6": "ask_material",
  "7": "ask_mugs",
  "8": "ask_ordering",
  "9": "ask_payment",
  "10": "ask_plates",
  "11": "ask_pots",
  "12": "ask_price",
  "13": "ask_product_details",
  "14": "ask_promotion",
  "15": "ask_recommendation",
  "16": "ask_return_policy",
  "17": "ask_shipping",
  "18": "deny",
  "19": "goodbye",
  "20": "greet",
  "21": "thank"
}