{
  "text": {
    " ": 0,
    "x": 1133,
    "i": 632,
    "n": 791,
    " x": 275,
    "xi": 1134,
    "in": 644,
    "n ": 792,
    " xi": 276,
    "xin": 1135,
    "in ": 645,
    " xin": 277,
    "xin ": 1136,
    "c": 395,
    "h": 540,
    "à": 1155,
    "o": 853,
    " c": 23,
    "ch": 402,
    "hà": 577,
    "ào": 1164,
    "o ": 854,
    " ch": 26,
    "chà": 410,
    "hào": 581,
    "ào ": 1165,
    " chà": 29,
    "chào": 411,
    "hào ": 582,
    "b": 363,
    "ạ": 1297,
    " b": 1,
    "bạ": 384,
    "ạn": 1302,
    " bạ": 15,
    "bạn": 385,
    "ạn ": 1303,
    " bạn": 16,
    "bạn ": 386,
    "e": 476,
    "l": 698,
    " h": 79,
    "he": 546,
    "el": 484,
    "ll": 719,
    "lo": 724,
    " he": 80,
    "hel": 547,
    "ell": 488,
    "llo": 722,
    "lo ": 725,
    " hel": 81,
    "hell": 548,
    "ello": 490,
    "llo ": 723,
    "hi": 551,
    "i ": 633,
    " hi": 82,
    "hi ": 552,
    " hi ": 83,
    "g": 517,
    "d": 456,
    " g": 64,
    "go": 526,
    "oo": 877,
    "od": 857,
    "d ": 457,
    " go": 69,
    "goo": 527,
    "ood": 878,
    "od ": 858,
    " goo": 70,
    "good": 528,
    "ood ": 879,
    "m": 743,
    "r": 936,
    " m": 122,
    "mo": 760,
    "or": 883,
    "rn": 956,
    "ni": 818,
    "ng": 803,
    "g ": 518,
    " mo": 126,
    "mor": 761,
    "orn": 889,
    "rni": 958,
    "nin": 819,
    "ing": 650,
    "ng ": 804,
    " mor": 127,
    "morn": 762,
    "orni": 890,
    "rnin": 959,
    "ning": 820,
    "ing ": 651,
    "u": 1078,
    "ổ": 1395,
    "bu": 373,
    "uổ": 1105,
    "ổi": 1396,
    " bu": 8,
    "buổ": 374,
    "uổi": 1106,
    "ổi ": 1397,
    " buổ": 9,
    "buổi": 375,
    "uổi ": 1107,
    "s": 979,
    "á": 1168,
    " s": 201,
    "sá": 1007,
    "án": 1173,
    " sá": 216,
    "sán": 1010,
    "áng": 1175,
    " sán": 218,
    "sáng": 1011,
    "áng ": 1176,
    "t": 1020,
    " t": 225,
    "tạ": 1068,
    "ạm": 1300,
    "m ": 744,
    " tạ": 248,
    "tạm": 1069,
    "ạm ": 1301,
    " tạm": 249,
    "tạm ": 1070,
    "ệ": 1362,
    "bi": 370,
    "iệ": 678,
    "ệt": 1366,
    "t ": 1021,
    " bi": 6,
    "biệ": 371,
    "iệt": 681,
    "ệt ": 1367,
    " biệ": 7,
    "biệt": 372,
    "iệt ": 682,
    "y": 1137,
    "by": 376,
    "ye": 1139,
    "e ": 477,
    " by": 10,
    "bye": 377,
    "ye ": 1140,
    " bye": 11,
    "bye ": 378,
    "se": 989,
    "ee": 482,
    " se": 206,
    "see": 990,
    "ee ": 483,
    " see": 207,
    "see ": 991,
    " y": 278,
    "yo": 1146,
    "ou": 895,
    "u ": 1079,
    " yo": 281,
    "you": 1147,
    "ou ": 896,
    " you": 282,
    "you ": 1148,
    "ẹ": 1337,
    "hẹ": 617,
    "ẹn": 1338,
    " hẹ": 91,
    "hẹn": 618,
    "ẹn ": 1339,
    " hẹn": 92,
    "hẹn ": 619,
    "ặ": 1332,
    "p": 910,
    "gặ": 531,
    "ặp": 1333,
    "p ": 911,
    " gặ": 73,
    "gặp": 532,
    "ặp ": 1334,
    " gặp": 74,
    "gặp ": 533,
    " l": 105,
    "lạ": 740,
    "ại": 1298,
    " lạ": 120,
    "lại": 741,
    "ại ": 1299,
    " lại": 121,
    "lại ": 742,
    "db": 461,
    "odb": 859,
    "dby": 462,
    "oodb": 880,
    "odby": 860,
    "dbye": 463,
    "ả": 1304,
    "cả": 449,
    "ảm": 1308,
    " cả": 48,
    "cảm": 451,
    "ảm ": 1309,
    " cảm": 50,
    "cảm ": 452,
    "ơ": 1280,
    " ơ": 320,
    "ơn": 1285,
    " ơn": 321,
    "ơn ": 1286,
    " ơn ": 322,
    "a": 323,
    "k": 685,
    "th": 1027,
    "ha": 542,
    "an": 344,
    "nk": 821,
    "ks": 694,
    "s ": 980,
    " th": 228,
    "tha": 1028,
    "han": 543,
    "ank": 349,
    "nks": 823,
    "ks ": 695,
    " tha": 229,
    "than": 1029,
    "hank": 545,
    "anks": 351,
    "nks ": 824,
    "k ": 686,
    "nk ": 822,
    "ank ": 350,
    "ề": 1350,
    " n": 146,
    "nh": 805,
    "iề": 673,
    "ều": 1354,
    " nh": 149,
    "nhi": 807,
    "hiề": 557,
    "iều": 676,
    "ều ": 1355,
    " nhi": 150,
    "nhiề": 809,
    "hiều": 558,
    "iều ": 677,
    "ó": 1212,
    "có": 444,
    "ó ": 1213,
    " có": 44,
    "có ": 445,
    " có ": 45,
    "đ": 1234,
    "ú": 1223,
    " đ": 288,
    "đú": 1241,
    "ún": 1224,
    " đú": 293,
    "đún": 1242,
    "úng": 1225,
    " đún": 294,
    "đúng": 1243,
    "úng ": 1226,
    "ồ": 1388,
    " r": 191,
    "rồ": 971,
    "ồi": 1390,
    " rồ": 197,
    "rồi": 972,
    "ồi ": 1391,
    " rồi": 198,
    "rồi ": 973,
    "es": 505,
    " ye": 279,
    "yes": 1141,
    "es ": 506,
    " yes": 280,
    "yes ": 1142,
    " o": 168,
    "ok": 861,
    " ok": 169,
    "ok ": 862,
    " ok ": 170,
    "ư": 1287,
    "ợ": 1405,
    "đư": 1247,
    "ượ": 1292,
    "ợc": 1406,
    "c ": 396,
    " đư": 297,
    "đượ": 1248,
    "ược": 1293,
    "ợc ": 1407,
    " đượ": 298,
    "được": 1249,
    "ược ": 1294,
    "đồ": 1266,
    "ồn": 1392,
    " đồ": 311,
    "đồn": 1268,
    "ồng": 1393,
    " đồn": 313,
    "đồng": 1269,
    "ồng ": 1394,
    "ý": 1227,
    " ý": 283,
    "ý ": 1228,
    " ý ": 284,
    "ô": 1216,
    " k": 98,
    "kh": 687,
    "hô": 595,
    "ôn": 1220,
    " kh": 99,
    "khô": 692,
    "hôn": 596,
    "ông": 1221,
    " khô": 102,
    "khôn": 693,
    "hông": 597,
    "ông ": 1222,
    "no": 828,
    " no": 155,
    "no ": 829,
    " no ": 156,
    " p": 175,
    "ph": 915,
    "hả": 603,
    "ải": 1306,
    " ph": 178,
    "phả": 920,
    "hải": 604,
    "ải ": 1307,
    " phả": 181,
    "phải": 921,
    "hải ": 605,
    "sa": 981,
    "ai": 332,
    " sa": 202,
    "sai": 982,
    "ai ": 333,
    " sai": 203,
    "sai ": 983,
    "ữ": 1424,
    "hữ": 629,
    "ữn": 1425,
    "nhữ": 816,
    "hữn": 630,
    "ững": 1426,
    " nhữ": 154,
    "nhữn": 817,
    "hững": 631,
    "ững ": 1427,
    "oạ": 904,
    " lo": 109,
    "loạ": 726,
    "oại": 905,
    " loạ": 110,
    "loại": 727,
    "oại ": 906,
    "sả": 1015,
    "ản": 1310,
    " sả": 221,
    "sản": 1016,
    "ản ": 1311,
    " sản": 222,
    "sản ": 1017,
    "ẩ": 1319,
    "hẩ": 609,
    "ẩm": 1320,
    "phẩ": 922,
    "hẩm": 610,
    "ẩm ": 1321,
    " phẩ": 182,
    "phẩm": 923,
    "hẩm ": 611,
    "ì": 1202,
    "gì": 529,
    "ì ": 1203,
    " gì": 71,
    "gì ": 530,
    " gì ": 72,
    " d": 53,
    "da": 458,
    "h ": 541,
    " da": 54,
    "dan": 459,
    "anh": 347,
    "nh ": 806,
    " dan": 55,
    "danh": 460,
    "anh ": 348,
    "ụ": 1413,
    "mụ": 785,
    "ục": 1414,
    " mụ": 142,
    "mục": 786,
    "ục ": 1415,
    " mục": 143,
    "mục ": 787,
    "nà": 836,
    " nà": 157,
    "nào": 837,
    " nào": 158,
    "nào ": 838,
    "bá": 379,
    " bá": 12,
    "bán": 380,
    "án ": 1174,
    " bán": 13,
    "bán ": 381,
    "ồ ": 1389,
    "đồ ": 1267,
    " đồ ": 312,
    "ố": 1378,
    "gố": 534,
    "ốm": 1382,
    " gố": 75,
    "gốm": 535,
    "ốm ": 1383,
    " gốm": 76,
    "gốm ": 536,
    "me": 748,
    "en": 494,
    "nu": 834,
    " me": 123,
    "men": 751,
    "enu": 499,
    "nu ": 835,
    " men": 124,
    "menu": 754,
    "enu ": 500,
    "cố": 453,
    "ốc": 1380,
    " cố": 51,
    "cốc": 454,
    "ốc ": 1381,
    " cốc": 52,
    "cốc ": 455,
    "đẹ": 1256,
    "ẹp": 1340,
    " đẹ": 303,
    "đẹp": 1257,
    "ẹp ": 1341,
    " đẹp": 304,
    "đẹp ": 1258,
    "mu": 765,
    "uố": 1101,
    "ốn": 1384,
    " mu": 128,
    "muố": 768,
    "uốn": 1102,
    "ốn ": 1385,
    " muố": 130,
    "muốn": 769,
    "uốn ": 1103,
    "ua": 1080,
    "a ": 324,
    "mua": 766,
    "ua ": 1081,
    " mua": 129,
    "mua ": 767,
    " u": 256,
    " uố": 257,
    "ống": 1386,
    " uốn": 258,
    "uống": 1104,
    "ống ": 1387,
    "ớ": 1400,
    "nư": 845,
    "ướ": 1289,
    "ớc": 1401,
    " nư": 163,
    "nướ": 846,
    "ước": 1290,
    "ớc ": 1402,
    " nướ": 164,
    "nước": 847,
    "ước ": 1291,
    "cà": 436,
    "à ": 1156,
    " cà": 38,
    "cà ": 437,
    " cà ": 39,
    "ê": 1196,
    "hê": 586,
    "ê ": 1197,
    "phê": 916,
    "hê ": 587,
    " phê": 179,
    "phê ": 917,
    "ly": 728,
    "y ": 1138,
    " ly": 111,
    "ly ": 729,
    " ly ": 112,
    "ậ": 1322,
    "hậ": 612,
    "ậu": 1327,
    "chậ": 420,
    "hậu": 615,
    "ậu ": 1328,
    " chậ": 34,
    "chậu": 421,
    "hậu ": 616,
    "â": 1181,
    "câ": 441,
    "ây": 1184,
    " câ": 42,
    "cây": 442,
    "ây ": 1185,
    " cây": 43,
    "cây ": 443,
    "tr": 1051,
    " tr": 239,
    "trồ": 1058,
    "rồn": 974,
    " trồ": 243,
    "trồn": 1059,
    "rồng": 975,
    "ho": 559,
    "oa": 855,
    " ho": 84,
    "hoa": 561,
    "oa ": 856,
    " hoa": 85,
    "hoa ": 562,
    "ĩ": 1277,
    "đĩ": 1244,
    "ĩa": 1278,
    " đĩ": 295,
    "đĩa": 1245,
    "ĩa ": 1279,
    " đĩa": 296,
    "đĩa ": 1246,
    "ă": 1229,
    " ă": 285,
    "ăn": 1232,
    " ăn": 286,
    "ăn ": 1233,
    " ăn ": 287,
    "ra": 938,
    "tra": 1052,
    "ran": 941,
    "ang": 345,
    " tra": 240,
    "tran": 1053,
    "rang": 942,
    "ang ": 346,
    "í": 1207,
    "rí": 965,
    "í ": 1208,
    "trí": 1054,
    "rí ": 966,
    " trí": 241,
    "trí ": 1055,
    "de": 464,
    "ec": 478,
    "co": 424,
    "r ": 937,
    " de": 56,
    "dec": 465,
    "eco": 479,
    "cor": 429,
    "or ": 884,
    " dec": 57,
    "deco": 466,
    "ecor": 481,
    "cor ": 430,
    "v": 1108,
    "at": 357,
    "ti": 1039,
    "iv": 659,
    "ve": 1109,
    "ora": 885,
    "rat": 943,
    "ati": 358,
    "tiv": 1044,
    "ive": 660,
    "ve ": 1110,
    "cora": 431,
    "orat": 886,
    "rati": 944,
    "ativ": 359,
    "tive": 1045,
    "ive ": 661,
    " v": 259,
    "vậ": 1122,
    "ật": 1325,
    " vậ": 266,
    "vật": 1125,
    "ật ": 1326,
    " vật": 268,
    "vật ": 1126,
    "è": 1190,
    "đè": 1238,
    "èn": 1191,
    " đè": 291,
    "đèn": 1239,
    "èn ": 1192,
    " đèn": 292,
    "đèn ": 1240,
    "kệ": 696,
    "ệ ": 1363,
    " kệ": 103,
    "kệ ": 697,
    " kệ ": 104,
    "át": 1177,
    "bát": 382,
    "át ": 1178,
    " bát": 14,
    "bát ": 383,
    "cơ": 446,
    "ơm": 1283,
    " cơ": 46,
    "cơm": 447,
    "ơm ": 1284,
    " cơm": 47,
    "cơm ": 448,
    "so": 1002,
    "up": 1085,
    " so": 214,
    "sou": 1003,
    "oup": 899,
    "up ": 1086,
    " sou": 215,
    "soup": 1004,
    "oup ": 900,
    "gi": 519,
    "iá": 663,
    "á ": 1169,
    " gi": 65,
    "giá": 522,
    "iá ": 664,
    " giá": 67,
    "giá ": 523,
    "ba": 364,
    "ao": 352,
    " ba": 2,
    "bao": 365,
    "ao ": 353,
    " bao": 3,
    "bao ": 366,
    "iê": 665,
    "êu": 1200,
    "hiê": 555,
    "iêu": 668,
    "êu ": 1201,
    "nhiê": 808,
    "hiêu": 556,
    "iêu ": 669,
    "ả ": 1305,
    "cả ": 450,
    " cả ": 49,
    "hư": 601,
    "ư ": 1288,
    "như": 810,
    "hư ": 602,
    " như": 151,
    "như ": 811,
    "ế": 1344,
    "hế": 620,
    "ế ": 1345,
    "thế": 1035,
    "hế ": 621,
    " thế": 232,
    "thế ": 1036,
    "ắ": 1329,
    "đắ": 1250,
    "ắt": 1330,
    " đắ": 299,
    "đắt": 1251,
    "ắt ": 1331,
    " đắt": 300,
    "đắt ": 1252,
    "ẻ": 1342,
    "rẻ": 969,
    "ẻ ": 1343,
    " rẻ": 195,
    "rẻ ": 970,
    " rẻ ": 196,
    "ấ": 1314,
    "hấ": 606,
    "ất": 1317,
    "nhấ": 812,
    "hất": 607,
    "ất ": 1318,
    " nhấ": 152,
    "nhất": 813,
    "hất ": 608,
    "ứ": 1416,
    "mứ": 788,
    "ức": 1417,
    " mứ": 144,
    "mức": 789,
    "ức ": 1418,
    " mức": 145,
    "mức ": 790,
    "pr": 927,
    "ri": 953,
    "ic": 637,
    "ce": 400,
    " pr": 185,
    "pri": 928,
    "ric": 954,
    "ice": 638,
    "ce ": 401,
    " pri": 186,
    "pric": 929,
    "rice": 955,
    "ice ": 639,
    "ỏ": 1376,
    "đỏ": 1264,
    "ỏ ": 1377,
    " đỏ": 309,
    "đỏ ": 1265,
    " đỏ ": 310,
    "mà": 770,
    "àu": 1166,
    " mà": 131,
    "màu": 771,
    "àu ": 1167,
    " màu": 132,
    "màu ": 772,
    "ta": 1022,
    "ad": 328,
    "dl": 471,
    "la": 700,
    " ta": 226,
    "tad": 1025,
    "adl": 330,
    "dla": 472,
    "la ": 701,
    " tad": 227,
    "tadl": 1026,
    "adla": 331,
    "dla ": 473,
    "là": 730,
    "àm": 1157,
    " là": 113,
    "làm": 732,
    "àm ": 1158,
    " làm": 115,
    "làm ": 733,
    "ừ": 1419,
    "từ": 1076,
    "ừ ": 1420,
    " từ": 254,
    "từ ": 1077,
    " từ ": 255,
    "mô": 780,
    "ô ": 1217,
    " mô": 138,
    "mô ": 781,
    " mô ": 139,
    "tả": 1071,
    " tả": 250,
    "tả ": 1072,
    " tả ": 251,
    "al": 336,
    "sal": 984,
    "ala": 337,
    "lad": 702,
    "ad ": 329,
    " sal": 204,
    "sala": 985,
    "alad": 338,
    "lad ": 703,
    "vu": 1116,
    "uô": 1095,
    " vu": 262,
    "vuô": 1117,
    "uôn": 1096,
    " vuô": 263,
    "vuôn": 1118,
    "uông": 1097,
    "ỡ": 1403,
    "đỡ": 1275,
    "ỡ ": 1404,
    " đỡ": 318,
    "đỡ ": 1276,
    " đỡ ": 319,
    "nế": 848,
    "ến": 1346,
    " nế": 165,
    "nến": 849,
    "ến ": 1347,
    " nến": 166,
    "nến ": 850,
    "thô": 1033,
    " thô": 231,
    "thôn": 1034,
    " ti": 234,
    "tin": 1040,
    " tin": 235,
    "tin ": 1041,
    "về": 1127,
    "ề ": 1351,
    " về": 269,
    "về ": 1128,
    " về ": 270,
    "ca": 397,
    "ar": 354,
    "am": 341,
    "l ": 699,
    " ca": 24,
    "car": 398,
    "ara": 355,
    "ram": 939,
    "ame": 342,
    "mel": 749,
    "el ": 485,
    " car": 25,
    "cara": 399,
    "aram": 356,
    "rame": 940,
    "amel": 343,
    "mel ": 750,
    "chấ": 418,
    " chấ": 33,
    "chất": 419,
    "li": 708,
    "ệu": 1368,
    " li": 106,
    "liệ": 717,
    "iệu": 683,
    "ệu ": 1369,
    " liệ": 108,
    "liệu": 718,
    "iệu ": 684,
    "là ": 731,
    " là ": 114,
    "lư": 737,
    "ợn": 1410,
    " lư": 118,
    "lượ": 738,
    "ượn": 1295,
    "ợng": 1411,
    " lượ": 119,
    "lượn": 739,
    "ượng": 1296,
    "ợng ": 1412,
    "ộ": 1398,
    "độ": 1273,
    "ộ ": 1399,
    " độ": 316,
    "độ ": 1274,
    " độ ": 317,
    "bề": 390,
    "ền": 1352,
    " bề": 19,
    "bền": 391,
    "ền ": 1353,
    " bền": 20,
    "bền ": 392,
    "sao": 987,
    " sao": 205,
    "sao ": 988,
    "ể": 1356,
    "để": 1259,
    "ể ": 1357,
    " để": 305,
    "để ": 1260,
    " để ": 306,
    "đặ": 1253,
    "ặt": 1335,
    " đặ": 301,
    "đặt": 1254,
    "ặt ": 1336,
    " đặt": 302,
    "đặt ": 1255,
    "àn": 1159,
    " hà": 87,
    "hàn": 578,
    "àng": 1160,
    " hàn": 88,
    "hàng": 579,
    "àng ": 1161,
    "cá": 438,
    "ác": 1170,
    " cá": 40,
    "các": 439,
    "ách": 1171,
    "ch ": 403,
    " các": 41,
    "cách": 440,
    "ách ": 1172,
    "rd": 945,
    "er": 501,
    " or": 173,
    "ord": 887,
    "rde": 946,
    "der": 469,
    "er ": 502,
    " ord": 174,
    "orde": 888,
    "rder": 947,
    "der ": 470,
    "on": 871,
    "nl": 825,
    "ne": 798,
    " on": 171,
    "onl": 873,
    "nli": 826,
    "lin": 711,
    "ine": 646,
    "ne ": 799,
    " onl": 172,
    "onli": 874,
    "nlin": 827,
    "line": 712,
    "ine ": 647,
    "hanh": 544,
    "to": 1048,
    "oá": 901,
    " to": 237,
    "toá": 1049,
    "oán": 902,
    " toá": 238,
    "toán": 1050,
    "oán ": 903,
    "ận": 1323,
    "nhậ": 814,
    "hận": 613,
    "ận ": 1324,
    " nhậ": 153,
    "nhận": 815,
    "hận ": 614,
    "tiề": 1046,
    "iền": 674,
    " tiề": 236,
    "tiền": 1047,
    "iền ": 675,
    "mặ": 782,
    " mặ": 140,
    "mặt": 783,
    " mặt": 141,
    "mặt ": 784,
    "pa": 912,
    "ay": 360,
    "ym": 1143,
    "nt": 830,
    " pa": 176,
    "pay": 913,
    "aym": 361,
    "yme": 1144,
    "ent": 497,
    "nt ": 831,
    " pay": 177,
    "paym": 914,
    "ayme": 362,
    "ymen": 1145,
    "ment": 753,
    "ent ": 498,
    "et": 509,
    "met": 755,
    "eth": 510,
    "tho": 1030,
    "hod": 563,
    " met": 125,
    "meth": 756,
    "etho": 511,
    "thod": 1031,
    "hod ": 564,
    "hì": 588,
    "ìn": 1204,
    " hì": 89,
    "hìn": 589,
    "ình": 1205,
    " hìn": 90,
    "hình": 590,
    "ình ": 1206,
    "hứ": 626,
    "thứ": 1037,
    "hức": 627,
    " thứ": 233,
    "thức": 1038,
    "hức ": 628,
    "hu": 573,
    "uy": 1090,
    "yể": 1152,
    "ển": 1358,
    "chu": 408,
    "huy": 574,
    "uyể": 1093,
    "yển": 1153,
    "ển ": 1359,
    " chu": 28,
    "chuy": 409,
    "huyể": 576,
    "uyển": 1094,
    "yển ": 1154,
    "oả": 907,
    "kho": 688,
    "hoả": 571,
    "oản": 908,
    " kho": 100,
    "khoả": 689,
    "hoản": 572,
    "oản ": 909,
    "ia": 634,
    "gia": 520,
    "iao": 635,
    " gia": 66,
    "giao": 521,
    "iao ": 636,
    "sh": 994,
    "ip": 657,
    " sh": 209,
    "shi": 995,
    "hip": 553,
    "ip ": 658,
    " shi": 210,
    "ship": 996,
    "hip ": 554,
    "tậ": 1073,
    " tậ": 252,
    "tận": 1074,
    " tận": 253,
    "tận ": 1075,
    "nơ": 842,
    "ơi": 1281,
    " nơ": 161,
    "nơi": 843,
    "ơi ": 1282,
    " nơi": 162,
    "nơi ": 844,
    "hí": 591,
    "phí": 918,
    "hí ": 592,
    " phí": 180,
    "phí ": 919,
    "vận": 1123,
    " vận": 267,
    "vận ": 1124,
    "lâ": 734,
    "âu": 1182,
    " lâ": 116,
    "lâu": 735,
    "âu ": 1183,
    " lâu": 117,
    "lâu ": 736,
    "ry": 963,
    "del": 467,
    "eli": 486,
    "liv": 713,
    "ver": 1111,
    "ery": 503,
    "ry ": 964,
    " del": 58,
    "deli": 468,
    "eliv": 487,
    "live": 714,
    "iver": 662,
    "very": 1112,
    "ery ": 504,
    "đổ": 1270,
    " đổ": 314,
    "đổi": 1271,
    " đổi": 315,
    "đổi ": 1272,
    "rả": 967,
    "trả": 1056,
    "rả ": 968,
    " trả": 242,
    "trả ": 1057,
    "ín": 1209,
    "chí": 414,
    "hín": 593,
    "ính": 1210,
    " chí": 31,
    "chín": 415,
    "hính": 594,
    "ính ": 1211,
    "sác": 1008,
    " sác": 217,
    "sách": 1009,
    "re": 948,
    "tu": 1060,
    "ur": 1087,
    " re": 192,
    "ret": 951,
    "etu": 512,
    "tur": 1061,
    "urn": 1088,
    "rn ": 957,
    " ret": 194,
    "retu": 952,
    "etur": 513,
    "turn": 1062,
    "urn ": 1089,
    "po": 924,
    "ol": 863,
    "cy": 434,
    " po": 183,
    "pol": 925,
    "oli": 864,
    "lic": 709,
    "icy": 640,
    "cy ": 435,
    " pol": 184,
    "poli": 926,
    "olic": 865,
    "licy": 710,
    "icy ": 641,
    "bả": 387,
    "ảo": 1312,
    " bả": 17,
    "bảo": 388,
    "ảo ": 1313,
    " bảo": 18,
    "bảo ": 389,
    "ành": 1162,
    "hành": 580,
    "ành ": 1163,
    "na": 793,
    " na": 147,
    "nao": 794,
    " nao": 148,
    "nao ": 795,
    "ếu": 1348,
    "nếu": 851,
    "ếu ": 1349,
    " nếu": 167,
    "nếu ": 852,
    "ị": 1372,
    "bị": 393,
    "ị ": 1373,
    " bị": 21,
    "bị ": 394,
    " bị ": 22,
    "vỡ": 1131,
    " vỡ": 273,
    "vỡ ": 1132,
    " vỡ ": 274,
    "ên": 1198,
    "liê": 715,
    "iên": 666,
    "ên ": 1199,
    " liê": 107,
    "liên": 716,
    "iên ": 667,
    "hệ": 622,
    " hệ": 93,
    "hệ ": 623,
    " hệ ": 94,
    "số": 1018,
    "ố ": 1379,
    " số": 223,
    "số ": 1019,
    " số ": 224,
    "đi": 1235,
    "ện": 1364,
    " đi": 289,
    "điệ": 1236,
    "iện": 679,
    "ện ": 1365,
    " điệ": 290,
    "điện": 1237,
    "iện ": 680,
    "hoạ": 569,
    " tho": 230,
    "thoạ": 1032,
    "hoại": 570,
    "đị": 1261,
    "ịa": 1374,
    " đị": 307,
    "địa": 1262,
    "ịa ": 1375,
    " địa": 308,
    "địa ": 1263,
    "ỉ": 1370,
    "hỉ": 624,
    "ỉ ": 1371,
    "chỉ": 422,
    "hỉ ": 625,
    " chỉ": 35,
    "chỉ ": 423,
    " e": 61,
    "em": 491,
    "ma": 745,
    "il": 642,
    " em": 62,
    "ema": 492,
    "mai": 746,
    "ail": 334,
    "il ": 643,
    " ema": 63,
    "emai": 493,
    "mail": 747,
    "ail ": 335,
    "ac": 325,
    "ct": 432,
    " co": 36,
    "con": 427,
    "ont": 875,
    "nta": 832,
    "tac": 1023,
    "act": 326,
    "ct ": 433,
    " con": 37,
    "cont": 428,
    "onta": 876,
    "ntac": 833,
    "tact": 1024,
    "act ": 327,
    "f": 514,
    " i": 95,
    "nf": 800,
    "fo": 515,
    " in": 96,
    "inf": 648,
    "nfo": 801,
    "fo ": 516,
    " inf": 97,
    "info": 649,
    "nfo ": 802,
    "op": 881,
    "sho": 997,
    "hop": 565,
    "op ": 882,
    " sho": 211,
    "shop": 998,
    "hop ": 566,
    "yế": 1149,
    "khu": 690,
    "uyế": 1091,
    "yến": 1150,
    " khu": 101,
    "khuy": 691,
    "huyế": 575,
    "uyến": 1092,
    "yến ": 1151,
    "ã": 1186,
    "mã": 776,
    "ãi": 1188,
    " mã": 135,
    "mãi": 778,
    "ãi ": 1189,
    " mãi": 137,
    "mãi ": 779,
    "le": 704,
    "ale": 339,
    "le ": 705,
    "sale": 986,
    "ale ": 340,
    "iả": 670,
    "giả": 524,
    "iảm": 671,
    " giả": 68,
    "giảm": 525,
    "iảm ": 672,
    "ro": 960,
    "om": 866,
    "ot": 891,
    "io": 654,
    "pro": 930,
    "rom": 961,
    "omo": 869,
    "mot": 763,
    "oti": 893,
    "tio": 1042,
    "ion": 655,
    "on ": 872,
    " pro": 187,
    "prom": 931,
    "romo": 962,
    "omot": 870,
    "moti": 764,
    "otio": 894,
    "tion": 1043,
    "ion ": 656,
    "vo": 1113,
    "uc": 1082,
    " vo": 260,
    "vou": 1114,
    "ouc": 897,
    "uch": 1083,
    "che": 404,
    "her": 549,
    " vou": 261,
    "vouc": 1115,
    "ouch": 898,
    "uche": 1084,
    "cher": 405,
    "her ": 550,
    "ã ": 1187,
    "mã ": 777,
    " mã ": 136,
    "tư": 1066,
    " tư": 246,
    "tư ": 1067,
    " tư ": 247,
    "vấ": 1119,
    "ấn": 1315,
    " vấ": 264,
    "vấn": 1120,
    "ấn ": 1316,
    " vấn": 265,
    "vấn ": 1121,
    "cho": 406,
    "ho ": 560,
    " cho": 27,
    "cho ": 407,
    "tô": 1063,
    "ôi": 1218,
    " tô": 244,
    "tôi": 1064,
    "ôi ": 1219,
    " tôi": 245,
    "tôi ": 1065,
    "nê": 839,
    " nê": 159,
    "nên": 840,
    " nên": 160,
    "nên ": 841,
    "hot": 567,
    "ot ": 892,
    " hot": 86,
    "hot ": 568,
    "mm": 757,
    "nd": 796,
    "rec": 949,
    "com": 425,
    "omm": 867,
    "mme": 758,
    "end": 495,
    "nd ": 797,
    " rec": 193,
    "reco": 950,
    "ecom": 480,
    "comm": 426,
    "omme": 868,
    "mmen": 759,
    "mend": 752,
    "end ": 496,
    "gợ": 537,
    "ợi": 1408,
    " gợ": 77,
    "gợi": 538,
    "ợi ": 1409,
    " gợi": 78,
    "gợi ": 539,
    "be": 367,
    "st": 1005,
    " be": 4,
    "bes": 368,
    "est": 507,
    "st ": 1006,
    " bes": 5,
    "best": 369,
    "est ": 508,
    "sel": 992,
    "lle": 720,
    "ler": 706,
    " sel": 208,
    "sell": 993,
    "elle": 489,
    "ller": 721,
    "ler ": 707,
    "q": 932,
    " q": 188,
    "qu": 933,
    "uả": 1098,
    " qu": 189,
    "quả": 934,
    "uản": 1099,
    " quả": 190,
    "quản": 935,
    "uản ": 1100,
    "vệ": 1129,
    " vệ": 271,
    "vệ ": 1130,
    " vệ ": 272,
    "si": 999,
    " si": 212,
    "sin": 1000,
    "inh": 652,
    " sin": 213,
    "sinh": 1001,
    "inh ": 653,
    "hă": 598,
    "ăm": 1230,
    "chă": 416,
    "hăm": 599,
    "ăm ": 1231,
    " chă": 32,
    "chăm": 417,
    "hăm ": 600,
    "só": 1012,
    "óc": 1214,
    " só": 219,
    "sóc": 1013,
    "óc ": 1215,
    " sóc": 220,
    "sóc ": 1014,
    "ử": 1421,
    "rử": 976,
    "ửa": 1422,
    " rử": 199,
    "rửa": 977,
    "ửa ": 1423,
    " rửa": 200,
    "rửa ": 978,
    "má": 773,
    "áy": 1179,
    " má": 133,
    "máy": 774,
    "áy ": 1180,
    " máy": 134,
    "máy ": 775,
    "é": 1193,
    "hé": 583,
    "én": 1194,
    "ché": 412,
    "hén": 584,
    "én ": 1195,
    " ché": 30,
    "chén": 413,
    "hén ": 585,
    "ễ": 1360,
    "dễ": 474,
    "ễ ": 1361,
    " dễ": 59,
    "dễ ": 475,
    " dễ ": 60
  },
  "response": null,
  "action_text": null
}