{
  "text": {
    "xin": 148,
    "chào": 13,
    "bạn": 7,
    "hello": 44,
    "hi": 45,
    "good": 38,
    "morning": 69,
    "buổi": 3,
    "sáng": 118,
    "tạm": 138,
    "biệt": 2,
    "bye": 4,
    "see": 111,
    "you": 150,
    "hẹn": 51,
    "gặp": 41,
    "lại": 66,
    "goodbye": 39,
    "cảm": 27,
    "ơn": 167,
    "thanks": 124,
    "thank": 123,
    "nhiều": 80,
    "có": 24,
    "đúng": 155,
    "rồi": 106,
    "yes": 149,
    "ok": 91,
    "được": 157,
    "đồng": 164,
    "ý": 151,
    "không": 56,
    "no": 85,
    "phải": 97,
    "sai": 108,
    "những": 84,
    "loại": 60,
    "sản": 120,
    "phẩm": 98,
    "gì": 40,
    "danh": 29,
    "mục": 76,
    "nào": 86,
    "bán": 5,
    "đồ": 163,
    "gốm": 42,
    "menu": 67,
    "cốc": 28,
    "đẹp": 160,
    "muốn": 71,
    "mua": 70,
    "uống": 141,
    "nước": 89,
    "cà": 21,
    "phê": 95,
    "ly": 61,
    "chậu": 18,
    "cây": 23,
    "trồng": 135,
    "hoa": 46,
    "đĩa": 156,
    "ăn": 152,
    "trang": 132,
    "trí": 133,
    "decor": 30,
    "decorative": 31,
    "vật": 145,
    "đèn": 154,
    "kệ": 57,
    "chén": 14,
    "bát": 6,
    "cơm": 25,
    "soup": 116,
    "giá": 36,
    "bao": 0,
    "nhiêu": 79,
    "cả": 26,
    "như": 81,
    "thế": 127,
    "đắt": 158,
    "rẻ": 105,
    "nhất": 82,
    "mức": 77,
    "price": 100,
    "làm": 63,
    "từ": 140,
    "chất": 17,
    "liệu": 59,
    "là": 62,
    "lượng": 65,
    "độ": 166,
    "bền": 9,
    "sao": 110,
    "để": 161,
    "đặt": 159,
    "hàng": 48,
    "cách": 22,
    "order": 93,
    "online": 92,
    "thanh": 122,
    "toán": 131,
    "nhận": 83,
    "tiền": 130,
    "mặt": 75,
    "payment": 94,
    "method": 68,
    "hình": 50,
    "thức": 128,
    "chuyển": 12,
    "khoản": 54,
    "giao": 35,
    "ship": 113,
    "tận": 139,
    "nơi": 88,
    "phí": 96,
    "vận": 144,
    "lâu": 64,
    "delivery": 32,
    "đổi": 165,
    "trả": 134,
    "chính": 15,
    "sách": 117,
    "return": 104,
    "policy": 99,
    "bảo": 8,
    "hành": 49,
    "nao": 78,
    "nếu": 90,
    "bị": 10,
    "vỡ": 147,
    "thông": 126,
    "tin": 129,
    "liên": 58,
    "hệ": 52,
    "số": 121,
    "điện": 153,
    "thoại": 125,
    "địa": 162,
    "chỉ": 19,
    "email": 34,
    "contact": 20,
    "info": 53,
    "shop": 114,
    "khuyến": 55,
    "mãi": 74,
    "sale": 109,
    "giảm": 37,
    "promotion": 101,
    "voucher": 142,
    "mã": 73,
    "tư": 137,
    "vấn": 143,
    "cho": 11,
    "tôi": 136,
    "nên": 87,
    "hot": 47,
    "recommend": 103,
    "gợi": 43,
    "best": 1,
    "seller": 112,
    "quản": 102,
    "vệ": 146,
    "sinh": 115,
    "chăm": 16,
    "sóc": 119,
    "rửa": 107,
    "máy": 72,
    "dễ": 33
  },
  "intent": {
    "greet": 19,
    "goodbye": 18,
    "thank": 21,
    "affirm": 0,
    "deny": 17,
    "ask_categories": 3,
    "ask_mugs": 7,
    "ask_pots": 11,
    "ask_plates": 10,
    "ask_decor": 5,
    "ask_bowls": 1,
    "ask_price": 12,
    "ask_material": 6,
    "ask_ordering": 8,
    "ask_payment": 9,
    "ask_shipping": 16,
    "ask_return_policy": 15,
    "ask_contact": 4,
    "ask_promotion": 13,
    "ask_recommendation": 14,
    "ask_care_instructions": 2,
    "nlu_fallback": 20
  },
  "response": null,
  "action_name": {
    "action_listen": 6,
    "action_restart": 7,
    "action_session_start": 9,
    "action_default_fallback": 4,
    "action_deactivate_loop": 1,
    "action_revert_fallback_events": 8,
    "action_default_ask_affirmation": 2,
    "action_default_ask_rephrase": 3,
    "action_two_stage_fallback": 10,
    "action_unlikely_intent": 11,
    "action_back": 0,
    "action_extract_slots": 5,
    "utter_ask_more_help": 12,
    "utter_bowls_info": 13,
    "utter_care_instructions": 14,
    "utter_categories": 15,
    "utter_contact_info": 16,
    "utter_decor_info": 17,
    "utter_default": 18,
    "utter_goodbye": 19,
    "utter_greet": 20,
    "utter_material_info": 21,
    "utter_mugs_info": 22,
    "utter_ordering_info": 23,
    "utter_payment_info": 24,
    "utter_plates_info": 25,
    "utter_pots_info": 26,
    "utter_price_range": 27,
    "utter_promotion_info": 28,
    "utter_recommendation": 29,
    "utter_return_policy": 30,
    "utter_shipping_info": 31,
    "utter_thank": 32
  },
  "action_text": null,
  "intent_response_key": null
}